Brand,Series,Model,Model Number,RAM (GB),Storage (GB),Variant,4G/5G,Launch Year,Current India Price (₹),Price Status,Price Checked,Price Source,Price Basis
ASUS,ASUS,ROG Phone 9,AI2401,12.0,256.0,12GB RAM / 256GB,5G,2024,79999.0,Model-level current/market reference,25-Sep-2026,India price-list cross-check,Model-level price; verify RAM/storage variant
ASUS,ASUS,ROG Phone 9,AI2401,16.0,512.0,16GB RAM / 512GB,5G,2024,79999.0,Model-level current/market reference,25-Sep-2026,India price-list cross-check,Model-level price; verify RAM/storage variant
ASUS,ASUS,ROG Phone 9 Pro,AI2401,16.0,512.0,16GB RAM / 512GB,5G,2024,109999.0,Model-level current/market reference,25-Sep-2026,India price-list cross-check,Model-level price; verify RAM/storage variant
ASUS,ASUS,ROG Phone 9 Pro,AI2401,24.0,1024.0,24GB RAM / 1024GB,5G,2024,109999.0,Model-level current/market reference,25-Sep-2026,India price-list cross-check,Model-level price; verify RAM/storage variant
ASUS,ASUS,Zenfone 12 Ultra,AI2401,12.0,256.0,12GB RAM / 256GB,5G,2025,89999.0,Model-level current/market reference,25-Sep-2026,India price-list cross-check,Model-level price; verify RAM/storage variant
ASUS,ASUS,Zenfone 12 Ultra,AI2401,16.0,512.0,16GB RAM / 512GB,5G,2025,89999.0,Model-level current/market reference,25-Sep-2026,India price-list cross-check,Model-level price; verify RAM/storage variant
Apple,iPhone,iPhone 13,A2633,4.0,128.0,4GB RAM / 128GB,5G,2021,45690.0,Verified current listing,25-Sep-2026,Smartprix India price list / model page,Model-level price; verify RAM/storage variant
Apple,iPhone,iPhone 13,A2633,4.0,256.0,4GB RAM / 256GB,5G,2021,45690.0,Verified current listing,25-Sep-2026,Smartprix India price list / model page,Model-level price; verify RAM/storage variant
Apple,iPhone,iPhone 13,A2633,4.0,512.0,4GB RAM / 512GB,5G,2021,45690.0,Verified current listing,25-Sep-2026,Smartprix India price list / model page,Model-level price; verify RAM/storage variant
Apple,iPhone,iPhone 14,A2882,6.0,128.0,6GB RAM / 128GB,5G,2022,51499.0,Model-level current/market reference,25-Sep-2026,India price-list cross-check,Model-level price; verify RAM/storage variant
Apple,iPhone,iPhone 14,A2882,6.0,256.0,6GB RAM / 256GB,5G,2022,51499.0,Model-level current/market reference,25-Sep-2026,India price-list cross-check,Model-level price; verify RAM/storage variant
Apple,iPhone,iPhone 14,A2882,6.0,512.0,6GB RAM / 512GB,5G,2022,51499.0,Model-level current/market reference,25-Sep-2026,India price-list cross-check,Model-level price; verify RAM/storage variant
Apple,iPhone,iPhone 15,A3090,6.0,128.0,6GB RAM / 128GB,5G,2023,59900.0,Verified current listing,25-Sep-2026,Smartprix India price list / model page,Model-level price; verify RAM/storage variant
Apple,iPhone,iPhone 15,A3090,6.0,256.0,6GB RAM / 256GB,5G,2023,59900.0,Verified current listing,25-Sep-2026,Smartprix India price list / model page,Model-level price; verify RAM/storage variant
Apple,iPhone,iPhone 15,A3090,6.0,512.0,6GB RAM / 512GB,5G,2023,59900.0,Verified current listing,25-Sep-2026,Smartprix India price list / model page,Model-level price; verify RAM/storage variant
Apple,iPhone,iPhone 15 Plus,A3094,6.0,128.0,6GB RAM / 128GB,5G,2023,69900.0,Verified current listing,25-Sep-2026,Smartprix India price list / model page,Model-level price; verify RAM/storage variant
Apple,iPhone,iPhone 15 Plus,A3094,6.0,256.0,6GB RAM / 256GB,5G,2023,69900.0,Verified current listing,25-Sep-2026,Smartprix India price list / model page,Model-level price; verify RAM/storage variant
Apple,iPhone,iPhone 15 Plus,A3094,6.0,512.0,6GB RAM / 512GB,5G,2023,69900.0,Verified current listing,25-Sep-2026,Smartprix India price list / model page,Model-level price; verify RAM/storage variant
Apple,iPhone,iPhone 16,A3281,8.0,128.0,8GB RAM / 128GB,5G,2024,69900.0,Verified current listing,25-Sep-2026,Smartprix India price list / model page,Model-level price; verify RAM/storage variant
Apple,iPhone,iPhone 16,A3281,8.0,256.0,8GB RAM / 256GB,5G,2024,69900.0,Verified current listing,25-Sep-2026,Smartprix India price list / model page,Model-level price; verify RAM/storage variant
Apple,iPhone,iPhone 16,A3281,8.0,512.0,8GB RAM / 512GB,5G,2024,69900.0,Verified current listing,25-Sep-2026,Smartprix India price list / model page,Model-level price; verify RAM/storage variant
Apple,iPhone,iPhone 16 Plus,A3290,8.0,128.0,8GB RAM / 128GB,5G,2024,79900.0,Verified current listing,25-Sep-2026,Smartprix India price list / model page,Model-level price; verify RAM/storage variant
Apple,iPhone,iPhone 16 Plus,A3290,8.0,256.0,8GB RAM / 256GB,5G,2024,79900.0,Verified current listing,25-Sep-2026,Smartprix India price list / model page,Model-level price; verify RAM/storage variant
Apple,iPhone,iPhone 16 Plus,A3290,8.0,512.0,8GB RAM / 512GB,5G,2024,79900.0,Verified current listing,25-Sep-2026,Smartprix India price list / model page,Model-level price; verify RAM/storage variant
Apple,iPhone,iPhone 16 Pro,A3293,8.0,128.0,8GB RAM / 128GB,5G,2024,109900.0,Model-level current/market reference,25-Sep-2026,India price-list cross-check,Model-level price; verify RAM/storage variant
Apple,iPhone,iPhone 16 Pro,A3293,8.0,256.0,8GB RAM / 256GB,5G,2024,109900.0,Model-level current/market reference,25-Sep-2026,India price-list cross-check,Model-level price; verify RAM/storage variant
Apple,iPhone,iPhone 16 Pro,A3293,8.0,512.0,8GB RAM / 512GB,5G,2024,109900.0,Model-level current/market reference,25-Sep-2026,India price-list cross-check,Model-level price; verify RAM/storage variant
Apple,iPhone,iPhone 16 Pro,A3293,8.0,1024.0,8GB RAM / 1024GB,5G,2024,109900.0,Model-level current/market reference,25-Sep-2026,India price-list cross-check,Model-level price; verify RAM/storage variant
Apple,iPhone,iPhone 16 Pro Max,A3296,8.0,256.0,8GB RAM / 256GB,5G,2024,134900.0,Verified current listing,25-Sep-2026,Smartprix India price list / model page,Model-level price; verify RAM/storage variant
Apple,iPhone,iPhone 16 Pro Max,A3296,8.0,512.0,8GB RAM / 512GB,5G,2024,134900.0,Verified current listing,25-Sep-2026,Smartprix India price list / model page,Model-level price; verify RAM/storage variant
Apple,iPhone,iPhone 16 Pro Max,A3296,8.0,1024.0,8GB RAM / 1024GB,5G,2024,134900.0,Verified current listing,25-Sep-2026,Smartprix India price list / model page,Model-level price; verify RAM/storage variant
Apple,iPhone,iPhone 16e,A3212,8.0,128.0,8GB RAM / 128GB,5G,2025,59900.0,Model-level current/market reference,25-Sep-2026,India price-list cross-check,Model-level price; verify RAM/storage variant
Apple,iPhone,iPhone 16e,A3212,8.0,256.0,8GB RAM / 256GB,5G,2025,59900.0,Model-level current/market reference,25-Sep-2026,India price-list cross-check,Model-level price; verify RAM/storage variant
Apple,iPhone,iPhone 16e,A3212,8.0,512.0,8GB RAM / 512GB,5G,2025,59900.0,Model-level current/market reference,25-Sep-2026,India price-list cross-check,Model-level price; verify RAM/storage variant
Apple,iPhone,iPhone 17,A3250,8.0,256.0,8GB RAM / 256GB,5G,2025,98900.0,Verified current listing,25-Sep-2026,Smartprix India price list / model page,Model-level price; verify RAM/storage variant
Apple,iPhone,iPhone 17,A3250,8.0,512.0,8GB RAM / 512GB,5G,2025,98900.0,Verified current listing,25-Sep-2026,Smartprix India price list / model page,Model-level price; verify RAM/storage variant
Apple,iPhone,iPhone 17 Pro,A3253,12.0,256.0,12GB RAM / 256GB,5G,2025,130490.0,Verified current listing,25-Sep-2026,Smartprix India price list / model page,Model-level price; verify RAM/storage variant
Apple,iPhone,iPhone 17 Pro,A3253,12.0,512.0,12GB RAM / 512GB,5G,2025,130490.0,Verified current listing,25-Sep-2026,Smartprix India price list / model page,Model-level price; verify RAM/storage variant
Apple,iPhone,iPhone 17 Pro,A3253,12.0,1024.0,12GB RAM / 1024GB,5G,2025,130490.0,Verified current listing,25-Sep-2026,Smartprix India price list / model page,Model-level price; verify RAM/storage variant
Apple,iPhone,iPhone 17 Pro Max,A3256,12.0,256.0,12GB RAM / 256GB,5G,2025,143990.0,Verified current listing,25-Sep-2026,Smartprix India price list / model page,Model-level price; verify RAM/storage variant
Apple,iPhone,iPhone 17 Pro Max,A3256,12.0,512.0,12GB RAM / 512GB,5G,2025,143990.0,Verified current listing,25-Sep-2026,Smartprix India price list / model page,Model-level price; verify RAM/storage variant
Apple,iPhone,iPhone 17 Pro Max,A3256,12.0,1024.0,12GB RAM / 1024GB,5G,2025,143990.0,Verified current listing,25-Sep-2026,Smartprix India price list / model page,Model-level price; verify RAM/storage variant
Apple,iPhone,iPhone 18,A3308,8.0,128.0,8GB RAM / 128GB,5G,2026,89999.0,Verified current listing,25-Sep-2026,Smartprix India price list / model page,Model-level price; verify RAM/storage variant
Apple,iPhone,iPhone 18,A3308,8.0,256.0,8GB RAM / 256GB,5G,2026,89999.0,Verified current listing,25-Sep-2026,Smartprix India price list / model page,Model-level price; verify RAM/storage variant
Apple,iPhone,iPhone 18,A3308,8.0,512.0,8GB RAM / 512GB,5G,2026,89999.0,Verified current listing,25-Sep-2026,Smartprix India price list / model page,Model-level price; verify RAM/storage variant
Apple,iPhone,iPhone 18 Pro,A3309,12.0,256.0,12GB RAM / 256GB,5G,2026,164900.0,Verified current listing,25-Sep-2026,Smartprix India price list / model page,Model-level price; verify RAM/storage variant
Apple,iPhone,iPhone 18 Pro,A3309,12.0,512.0,12GB RAM / 512GB,5G,2026,164900.0,Verified current listing,25-Sep-2026,Smartprix India price list / model page,Model-level price; verify RAM/storage variant
Apple,iPhone,iPhone 18 Pro,A3309,12.0,1024.0,12GB RAM / 1024GB,5G,2026,164900.0,Verified current listing,25-Sep-2026,Smartprix India price list / model page,Model-level price; verify RAM/storage variant
Apple,iPhone,iPhone 18 Pro Max,A3310,12.0,256.0,12GB RAM / 256GB,5G,2026,179900.0,Verified current listing,25-Sep-2026,Smartprix India price list / model page,Model-level price; verify RAM/storage variant
Apple,iPhone,iPhone 18 Pro Max,A3310,12.0,512.0,12GB RAM / 512GB,5G,2026,179900.0,Verified current listing,25-Sep-2026,Smartprix India price list / model page,Model-level price; verify RAM/storage variant
Apple,iPhone,iPhone 18 Pro Max,A3310,12.0,1024.0,12GB RAM / 1024GB,5G,2026,179900.0,Verified current listing,25-Sep-2026,Smartprix India price list / model page,Model-level price; verify RAM/storage variant
Apple,iPhone,iPhone Air,A3307,12.0,256.0,12GB RAM / 256GB,5G,2026,119900.0,Model-level current/market reference,25-Sep-2026,India price-list cross-check,Model-level price; verify RAM/storage variant
Apple,iPhone,iPhone Air,A3307,12.0,512.0,12GB RAM / 512GB,5G,2026,119900.0,Model-level current/market reference,25-Sep-2026,India price-list cross-check,Model-level price; verify RAM/storage variant
Apple,iPhone,iPhone Air,A3307,12.0,1024.0,12GB RAM / 1024GB,5G,2026,119900.0,Model-level current/market reference,25-Sep-2026,India price-list cross-check,Model-level price; verify RAM/storage variant
CMF,Phone,CMF Phone 1,A015,6.0,128.0,6GB RAM / 128GB,5G,2024,15999.0,Model-level current/market reference,25-Sep-2026,India price-list cross-check,Model-level price; verify RAM/storage variant
CMF,Phone,CMF Phone 1,A015,8.0,128.0,8GB RAM / 128GB,5G,2024,15999.0,Model-level current/market reference,25-Sep-2026,India price-list cross-check,Model-level price; verify RAM/storage variant
CMF,Phone,CMF Phone 1,A015,8.0,256.0,8GB RAM / 256GB,5G,2024,15999.0,Model-level current/market reference,25-Sep-2026,India price-list cross-check,Model-level price; verify RAM/storage variant
CMF,Phone,CMF Phone 2 Pro,A059,8.0,128.0,8GB RAM / 128GB,5G,2025,22999.0,Model-level current/market reference,25-Sep-2026,India price-list cross-check,Model-level price; verify RAM/storage variant
CMF,Phone,CMF Phone 2 Pro,A059,8.0,256.0,8GB RAM / 256GB,5G,2025,22999.0,Model-level current/market reference,25-Sep-2026,India price-list cross-check,Model-level price; verify RAM/storage variant
Google,Pixel,Pixel 10,GKWS6,12.0,128.0,12GB RAM / 128GB,5G,2025,67150.0,Verified current listing,25-Sep-2026,Smartprix India price list / model page,Model-level price; verify RAM/storage variant
Google,Pixel,Pixel 10,GKWS6,12.0,256.0,12GB RAM / 256GB,5G,2025,67150.0,Verified current listing,25-Sep-2026,Smartprix India price list / model page,Model-level price; verify RAM/storage variant
Google,Pixel,Pixel 10 Pro,GRY0E,16.0,128.0,16GB RAM / 128GB,5G,2025,94990.0,Verified current listing,25-Sep-2026,Smartprix India price list / model page,Model-level price; verify RAM/storage variant
Google,Pixel,Pixel 10 Pro,GRY0E,16.0,256.0,16GB RAM / 256GB,5G,2025,94990.0,Verified current listing,25-Sep-2026,Smartprix India price list / model page,Model-level price; verify RAM/storage variant
Google,Pixel,Pixel 10 Pro,GRY0E,16.0,512.0,16GB RAM / 512GB,5G,2025,94990.0,Verified current listing,25-Sep-2026,Smartprix India price list / model page,Model-level price; verify RAM/storage variant
Google,Pixel,Pixel 10 Pro XL,GEHN3,16.0,256.0,16GB RAM / 256GB,5G,2025,112910.0,Model-level current/market reference,25-Sep-2026,India price-list cross-check,Model-level price; verify RAM/storage variant
Google,Pixel,Pixel 10 Pro XL,GEHN3,16.0,512.0,16GB RAM / 512GB,5G,2025,112910.0,Model-level current/market reference,25-Sep-2026,India price-list cross-check,Model-level price; verify RAM/storage variant
Google,Pixel,Pixel 10 Pro XL,GEHN3,16.0,1024.0,16GB RAM / 1024GB,5G,2025,112910.0,Model-level current/market reference,25-Sep-2026,India price-list cross-check,Model-level price; verify RAM/storage variant
Google,Pixel,Pixel 11,,12.0,128.0,12GB RAM / 128GB,5G,2026,82680.0,Verified current listing,25-Sep-2026,Smartprix India price list / model page,Model-level price; verify RAM/storage variant
Google,Pixel,Pixel 11,,12.0,256.0,12GB RAM / 256GB,5G,2026,82680.0,Verified current listing,25-Sep-2026,Smartprix India price list / model page,Model-level price; verify RAM/storage variant
Google,Pixel,Pixel 11 Pro,,16.0,128.0,16GB RAM / 128GB,5G,2026,119999.0,Verified current listing,25-Sep-2026,Smartprix India price list / model page,Model-level price; verify RAM/storage variant
Google,Pixel,Pixel 11 Pro,,16.0,256.0,16GB RAM / 256GB,5G,2026,119999.0,Verified current listing,25-Sep-2026,Smartprix India price list / model page,Model-level price; verify RAM/storage variant
Google,Pixel,Pixel 11 Pro,,16.0,512.0,16GB RAM / 512GB,5G,2026,119999.0,Verified current listing,25-Sep-2026,Smartprix India price list / model page,Model-level price; verify RAM/storage variant
Google,Pixel,Pixel 11 Pro XL,,16.0,256.0,16GB RAM / 256GB,5G,2026,134999.0,Model-level current/market reference,25-Sep-2026,India price-list cross-check,Model-level price; verify RAM/storage variant
Google,Pixel,Pixel 11 Pro XL,,16.0,512.0,16GB RAM / 512GB,5G,2026,134999.0,Model-level current/market reference,25-Sep-2026,India price-list cross-check,Model-level price; verify RAM/storage variant
Google,Pixel,Pixel 11 Pro XL,,16.0,1024.0,16GB RAM / 1024GB,5G,2026,134999.0,Model-level current/market reference,25-Sep-2026,India price-list cross-check,Model-level price; verify RAM/storage variant
Google,Pixel,Pixel 8a,GKV4X,8.0,128.0,8GB RAM / 128GB,5G,2024,36999.0,Verified current listing,25-Sep-2026,Smartprix India price list / model page,Model-level price; verify RAM/storage variant
Google,Pixel,Pixel 8a,GKV4X,8.0,256.0,8GB RAM / 256GB,5G,2024,36999.0,Verified current listing,25-Sep-2026,Smartprix India price list / model page,Model-level price; verify RAM/storage variant
Google,Pixel,Pixel 9,G2YBB,12.0,128.0,12GB RAM / 128GB,5G,2024,59990.0,Model-level current/market reference,25-Sep-2026,India price-list cross-check,Model-level price; verify RAM/storage variant
Google,Pixel,Pixel 9,G2YBB,12.0,256.0,12GB RAM / 256GB,5G,2024,59990.0,Model-level current/market reference,25-Sep-2026,India price-list cross-check,Model-level price; verify RAM/storage variant
Google,Pixel,Pixel 9 Pro,GR83Y,16.0,128.0,16GB RAM / 128GB,5G,2024,85999.0,Model-level current/market reference,25-Sep-2026,India price-list cross-check,Model-level price; verify RAM/storage variant
Google,Pixel,Pixel 9 Pro,GR83Y,16.0,256.0,16GB RAM / 256GB,5G,2024,85999.0,Model-level current/market reference,25-Sep-2026,India price-list cross-check,Model-level price; verify RAM/storage variant
Google,Pixel,Pixel 9 Pro,GR83Y,16.0,512.0,16GB RAM / 512GB,5G,2024,85999.0,Model-level current/market reference,25-Sep-2026,India price-list cross-check,Model-level price; verify RAM/storage variant
Google,Pixel,Pixel 9 Pro XL,GZPFO,16.0,128.0,16GB RAM / 128GB,5G,2024,89999.0,Model-level current/market reference,25-Sep-2026,India price-list cross-check,Model-level price; verify RAM/storage variant
Google,Pixel,Pixel 9 Pro XL,GZPFO,16.0,256.0,16GB RAM / 256GB,5G,2024,89999.0,Model-level current/market reference,25-Sep-2026,India price-list cross-check,Model-level price; verify RAM/storage variant
Google,Pixel,Pixel 9 Pro XL,GZPFO,16.0,512.0,16GB RAM / 512GB,5G,2024,89999.0,Model-level current/market reference,25-Sep-2026,India price-list cross-check,Model-level price; verify RAM/storage variant
Google,Pixel,Pixel 9 Pro XL,GZPFO,16.0,1024.0,16GB RAM / 1024GB,5G,2024,89999.0,Model-level current/market reference,25-Sep-2026,India price-list cross-check,Model-level price; verify RAM/storage variant
Google,Pixel,Pixel 9a,GTF7P,8.0,128.0,8GB RAM / 128GB,5G,2025,49699.0,Verified current listing,25-Sep-2026,Smartprix India price list / model page,Model-level price; verify RAM/storage variant
Google,Pixel,Pixel 9a,GTF7P,8.0,256.0,8GB RAM / 256GB,5G,2025,49699.0,Verified current listing,25-Sep-2026,Smartprix India price list / model page,Model-level price; verify RAM/storage variant
HMD,HMD,HMD Fusion,TA-1583,6.0,128.0,6GB RAM / 128GB,5G,2024,16990.0,Model-level current/market reference,25-Sep-2026,India price-list cross-check,Model-level price; verify RAM/storage variant
HMD,HMD,HMD Fusion,TA-1583,8.0,256.0,8GB RAM / 256GB,5G,2024,16990.0,Model-level current/market reference,25-Sep-2026,India price-list cross-check,Model-level price; verify RAM/storage variant
HMD,HMD,HMD Pulse Pro,TA-1585,6.0,128.0,6GB RAM / 128GB,4G,2024,15999.0,Model-level current/market reference,25-Sep-2026,India price-list cross-check,Model-level price; verify RAM/storage variant
HMD,HMD,HMD Pulse Pro,TA-1585,8.0,256.0,8GB RAM / 256GB,4G,2024,15999.0,Model-level current/market reference,25-Sep-2026,India price-list cross-check,Model-level price; verify RAM/storage variant
HMD,HMD,HMD Skyline,TA-1688,8.0,128.0,8GB RAM / 128GB,5G,2024,26515.0,Model-level current/market reference,25-Sep-2026,India price-list cross-check,Model-level price; verify RAM/storage variant
HMD,HMD,HMD Skyline,TA-1688,12.0,256.0,12GB RAM / 256GB,5G,2024,26515.0,Model-level current/market reference,25-Sep-2026,India price-list cross-check,Model-level price; verify RAM/storage variant
Honor,Honor,Honor 200,E-NX9,8.0,256.0,8GB RAM / 256GB,5G,2024,19998.0,Model-level current/market reference,25-Sep-2026,India price-list cross-check,Model-level price; verify RAM/storage variant
Honor,Honor,Honor 200,E-NX9,12.0,512.0,12GB RAM / 512GB,5G,2024,19998.0,Model-level current/market reference,25-Sep-2026,India price-list cross-check,Model-level price; verify RAM/storage variant
Honor,Honor,Honor 200 Pro,E-NX9,12.0,512.0,12GB RAM / 512GB,5G,2024,36999.0,Model-level current/market reference,25-Sep-2026,India price-list cross-check,Model-level price; verify RAM/storage variant
Honor,Honor,Honor 400,,8.0,256.0,8GB RAM / 256GB,5G,2025,29999.0,Model-level current/market reference,25-Sep-2026,India price-list cross-check,Model-level price; verify RAM/storage variant
Honor,Honor,Honor 400,,12.0,512.0,12GB RAM / 512GB,5G,2025,29999.0,Model-level current/market reference,25-Sep-2026,India price-list cross-check,Model-level price; verify RAM/storage variant
Honor,Honor,Honor 400 Pro,,12.0,512.0,12GB RAM / 512GB,5G,2025,39999.0,Model-level current/market reference,25-Sep-2026,India price-list cross-check,Model-level price; verify RAM/storage variant
Honor,Honor Magic,Honor Magic V5,,16.0,512.0,16GB RAM / 512GB,5G,2025,159999.0,Model-level current/market reference,25-Sep-2026,India price-list cross-check,Model-level price; verify RAM/storage variant
Honor,Honor Magic,Honor Magic V5,,16.0,1024.0,16GB RAM / 1024GB,5G,2025,159999.0,Model-level current/market reference,25-Sep-2026,India price-list cross-check,Model-level price; verify RAM/storage variant
Honor,Honor Magic,Honor Magic7 Pro,PGT-N19,12.0,512.0,12GB RAM / 512GB,5G,2025,79999.0,Model-level current/market reference,25-Sep-2026,India price-list cross-check,Model-level price; verify RAM/storage variant
Honor,Honor Magic,Honor Magic7 Pro,PGT-N19,16.0,512.0,16GB RAM / 512GB,5G,2025,79999.0,Model-level current/market reference,25-Sep-2026,India price-list cross-check,Model-level price; verify RAM/storage variant
Honor,Honor Play,Honor Play 11 5G,,6.0,128.0,6GB RAM / 128GB,5G,2026,12999.0,Model-level current/market reference,25-Sep-2026,India price-list cross-check,Model-level price; verify RAM/storage variant
Honor,Honor Play,Honor Play 11 5G,,8.0,256.0,8GB RAM / 256GB,5G,2026,12999.0,Model-level current/market reference,25-Sep-2026,India price-list cross-check,Model-level price; verify RAM/storage variant
Honor,Honor X,Honor X7c,CLK-NX2,6.0,128.0,6GB RAM / 128GB,4G,2024,15999.0,Model-level current/market reference,25-Sep-2026,India price-list cross-check,Model-level price; verify RAM/storage variant
Honor,Honor X,Honor X7c,CLK-NX2,8.0,256.0,8GB RAM / 256GB,4G,2024,15999.0,Model-level current/market reference,25-Sep-2026,India price-list cross-check,Model-level price; verify RAM/storage variant
Honor,Honor X,Honor X9b,CLK-NX1,8.0,256.0,8GB RAM / 256GB,5G,2024,21990.0,Model-level current/market reference,25-Sep-2026,India price-list cross-check,Model-level price; verify RAM/storage variant
Honor,Honor X,Honor X9b,CLK-NX1,12.0,256.0,12GB RAM / 256GB,5G,2024,21990.0,Model-level current/market reference,25-Sep-2026,India price-list cross-check,Model-level price; verify RAM/storage variant
Honor,Honor X,Honor X9c,ALT-NX1,8.0,256.0,8GB RAM / 256GB,5G,2024,22998.0,Model-level current/market reference,25-Sep-2026,India price-list cross-check,Model-level price; verify RAM/storage variant
Honor,Honor X,Honor X9c,ALT-NX1,12.0,256.0,12GB RAM / 256GB,5G,2024,22998.0,Model-level current/market reference,25-Sep-2026,India price-list cross-check,Model-level price; verify RAM/storage variant
Huawei,Huawei,Huawei Mate 70 Pro,,12.0,256.0,12GB RAM / 256GB,5G,2024,99999.0,Model-level current/market reference,25-Sep-2026,India price-list cross-check,Model-level price; verify RAM/storage variant
Huawei,Huawei,Huawei Mate 70 Pro,,12.0,512.0,12GB RAM / 512GB,5G,2024,99999.0,Model-level current/market reference,25-Sep-2026,India price-list cross-check,Model-level price; verify RAM/storage variant
Huawei,Huawei,Huawei Pura 80 Ultra,,16.0,512.0,16GB RAM / 512GB,5G,2025,149999.0,Model-level current/market reference,25-Sep-2026,India price-list cross-check,Model-level price; verify RAM/storage variant
Huawei,Huawei,Huawei Pura 80 Ultra,,16.0,1024.0,16GB RAM / 1024GB,5G,2025,149999.0,Model-level current/market reference,25-Sep-2026,India price-list cross-check,Model-level price; verify RAM/storage variant
Infinix,Infinix GT,Infinix GT 30 Pro,X6873,8.0,256.0,8GB RAM / 256GB,5G,2025,31999.0,Verified current listing,25-Sep-2026,Smartprix India price list / model page,Model-level price; verify RAM/storage variant
Infinix,Infinix GT,Infinix GT 30 Pro,X6873,12.0,256.0,12GB RAM / 256GB,5G,2025,31999.0,Verified current listing,25-Sep-2026,Smartprix India price list / model page,Model-level price; verify RAM/storage variant
Infinix,Infinix GT,Infinix GT 50 Pro,,8.0,256.0,8GB RAM / 256GB,5G,2026,37990.0,Verified current listing,25-Sep-2026,Smartprix India price list / model page,Model-level price; verify RAM/storage variant
Infinix,Infinix GT,Infinix GT 50 Pro,,12.0,512.0,12GB RAM / 512GB,5G,2026,37990.0,Verified current listing,25-Sep-2026,Smartprix India price list / model page,Model-level price; verify RAM/storage variant
Infinix,Infinix Hot,Infinix Hot 60 5G,,4.0,128.0,4GB RAM / 128GB,5G,2025,12999.0,Model-level current/market reference,25-Sep-2026,India price-list cross-check,Model-level price; verify RAM/storage variant
Infinix,Infinix Hot,Infinix Hot 60 5G,,6.0,128.0,6GB RAM / 128GB,5G,2025,12999.0,Model-level current/market reference,25-Sep-2026,India price-list cross-check,Model-level price; verify RAM/storage variant
Infinix,Infinix Hot,Infinix Hot 60 Pro+,,8.0,128.0,8GB RAM / 128GB,4G,2025,17999.0,Model-level current/market reference,25-Sep-2026,India price-list cross-check,Model-level price; verify RAM/storage variant
Infinix,Infinix Hot,Infinix Hot 60 Pro+,,8.0,256.0,8GB RAM / 256GB,4G,2025,17999.0,Model-level current/market reference,25-Sep-2026,India price-list cross-check,Model-level price; verify RAM/storage variant
Infinix,Infinix Note,Infinix Note 50,X6858,8.0,256.0,8GB RAM / 256GB,4G,2025,16999.0,Model-level current/market reference,25-Sep-2026,India price-list cross-check,Model-level price; verify RAM/storage variant
Infinix,Infinix Note,Infinix Note 50,X6858,12.0,256.0,12GB RAM / 256GB,4G,2025,16999.0,Model-level current/market reference,25-Sep-2026,India price-list cross-check,Model-level price; verify RAM/storage variant
Infinix,Infinix Note,Infinix Note 50 Pro,X6850,8.0,256.0,8GB RAM / 256GB,4G,2025,19999.0,Model-level current/market reference,25-Sep-2026,India price-list cross-check,Model-level price; verify RAM/storage variant
Infinix,Infinix Note,Infinix Note 50 Pro,X6850,12.0,256.0,12GB RAM / 256GB,4G,2025,19999.0,Model-level current/market reference,25-Sep-2026,India price-list cross-check,Model-level price; verify RAM/storage variant
Infinix,Infinix Note,Infinix Note 50 Pro+ 5G,X6851,8.0,256.0,8GB RAM / 256GB,5G,2025,29999.0,Model-level current/market reference,25-Sep-2026,India price-list cross-check,Model-level price; verify RAM/storage variant
Infinix,Infinix Note,Infinix Note 50 Pro+ 5G,X6851,12.0,256.0,12GB RAM / 256GB,5G,2025,29999.0,Model-level current/market reference,25-Sep-2026,India price-list cross-check,Model-level price; verify RAM/storage variant
Infinix,Infinix Zero,Infinix Zero 40 5G,X6861,12.0,256.0,12GB RAM / 256GB,5G,2024,26990.0,Model-level current/market reference,25-Sep-2026,India price-list cross-check,Model-level price; verify RAM/storage variant
Infinix,Infinix Zero,Infinix Zero 40 5G,X6861,12.0,512.0,12GB RAM / 512GB,5G,2024,26990.0,Model-level current/market reference,25-Sep-2026,India price-list cross-check,Model-level price; verify RAM/storage variant
Lava,Lava Agni,Lava Agni 3 5G,LXX504,8.0,128.0,8GB RAM / 128GB,5G,2024,20999.0,Model-level current/market reference,25-Sep-2026,India price-list cross-check,Model-level price; verify RAM/storage variant
Lava,Lava Agni,Lava Agni 3 5G,LXX504,8.0,256.0,8GB RAM / 256GB,5G,2024,20999.0,Model-level current/market reference,25-Sep-2026,India price-list cross-check,Model-level price; verify RAM/storage variant
Lava,Lava Blaze,Lava Blaze X 5G,LXX508,4.0,128.0,4GB RAM / 128GB,5G,2024,14999.0,Model-level current/market reference,25-Sep-2026,India price-list cross-check,Model-level price; verify RAM/storage variant
Lava,Lava Blaze,Lava Blaze X 5G,LXX508,8.0,128.0,8GB RAM / 128GB,5G,2024,14999.0,Model-level current/market reference,25-Sep-2026,India price-list cross-check,Model-level price; verify RAM/storage variant
Lava,Lava Blaze,Lava Blaze X 5G,LXX508,8.0,256.0,8GB RAM / 256GB,5G,2024,14999.0,Model-level current/market reference,25-Sep-2026,India price-list cross-check,Model-level price; verify RAM/storage variant
Lava,Lava Bold,Lava Bold N4 Pro 5G,,4.0,64.0,4GB RAM / 64GB,5G,2026,13999.0,Verified current listing,25-Sep-2026,Smartprix India price list / model page,Model-level price; verify RAM/storage variant
Lava,Lava Bold,Lava Bold N4 Pro 5G,,4.0,128.0,4GB RAM / 128GB,5G,2026,13999.0,Verified current listing,25-Sep-2026,Smartprix India price list / model page,Model-level price; verify RAM/storage variant
Lava,Lava Bold,Lava Bold N4 Pro 5G,,6.0,128.0,6GB RAM / 128GB,5G,2026,13999.0,Verified current listing,25-Sep-2026,Smartprix India price list / model page,Model-level price; verify RAM/storage variant
Lava,Lava Storm,Lava Storm Play 5G,,4.0,64.0,4GB RAM / 64GB,5G,2025,11999.0,Model-level current/market reference,25-Sep-2026,India price-list cross-check,Model-level price; verify RAM/storage variant
Lava,Lava Storm,Lava Storm Play 5G,,6.0,128.0,6GB RAM / 128GB,5G,2025,11999.0,Model-level current/market reference,25-Sep-2026,India price-list cross-check,Model-level price; verify RAM/storage variant
Lava,Lava Virat,Lava Virat Curve 5G,,8.0,128.0,8GB RAM / 128GB,5G,2026,20999.0,Verified current listing,25-Sep-2026,Smartprix India price list / model page,Model-level price; verify RAM/storage variant
Lava,Lava Virat,Lava Virat Curve 5G,,8.0,256.0,8GB RAM / 256GB,5G,2026,20999.0,Verified current listing,25-Sep-2026,Smartprix India price list / model page,Model-level price; verify RAM/storage variant
Lava,Lava Yuva,Lava Yuva 5G,LXX506,4.0,64.0,4GB RAM / 64GB,5G,2024,8299.0,Model-level current/market reference,25-Sep-2026,India price-list cross-check,Model-level price; verify RAM/storage variant
Lava,Lava Yuva,Lava Yuva 5G,LXX506,4.0,128.0,4GB RAM / 128GB,5G,2024,8299.0,Model-level current/market reference,25-Sep-2026,India price-list cross-check,Model-level price; verify RAM/storage variant
Micromax,Micromax,Micromax IN 2C,E7746,3.0,32.0,3GB RAM / 32GB,4G,2022,8499.0,Model-level current/market reference,25-Sep-2026,India price-list cross-check,Model-level price; verify RAM/storage variant
Micromax,Micromax,Micromax IN 2C,E7746,4.0,64.0,4GB RAM / 64GB,4G,2022,8499.0,Model-level current/market reference,25-Sep-2026,India price-list cross-check,Model-level price; verify RAM/storage variant
Micromax,Micromax,Micromax IN Note 2,E7446,4.0,64.0,4GB RAM / 64GB,4G,2022,13490.0,Model-level current/market reference,25-Sep-2026,India price-list cross-check,Model-level price; verify RAM/storage variant
Motorola,Edge,Edge 60,XT2505-3,8.0,128.0,8GB RAM / 128GB,5G,2025,25999.0,Model-level current/market reference,25-Sep-2026,India price-list cross-check,Model-level price; verify RAM/storage variant
Motorola,Edge,Edge 60,XT2505-3,8.0,256.0,8GB RAM / 256GB,5G,2025,25999.0,Model-level current/market reference,25-Sep-2026,India price-list cross-check,Model-level price; verify RAM/storage variant
Motorola,Edge,Edge 60,XT2505-3,12.0,256.0,12GB RAM / 256GB,5G,2025,25999.0,Model-level current/market reference,25-Sep-2026,India price-list cross-check,Model-level price; verify RAM/storage variant
Motorola,Edge,Edge 60 Fusion,XT2503-4,8.0,128.0,8GB RAM / 128GB,5G,2025,24999.0,Verified current listing,25-Sep-2026,Smartprix India price list / model page,Model-level price; verify RAM/storage variant
Motorola,Edge,Edge 60 Fusion,XT2503-4,8.0,256.0,8GB RAM / 256GB,5G,2025,24999.0,Verified current listing,25-Sep-2026,Smartprix India price list / model page,Model-level price; verify RAM/storage variant
Motorola,Edge,Edge 60 Fusion,XT2503-4,12.0,256.0,12GB RAM / 256GB,5G,2025,24999.0,Verified current listing,25-Sep-2026,Smartprix India price list / model page,Model-level price; verify RAM/storage variant
Motorola,Edge,Edge 60 Pro,XT2503-2,8.0,256.0,8GB RAM / 256GB,5G,2025,30190.0,Verified current listing,25-Sep-2026,Smartprix India price list / model page,Model-level price; verify RAM/storage variant
Motorola,Edge,Edge 60 Pro,XT2503-2,12.0,256.0,12GB RAM / 256GB,5G,2025,30190.0,Verified current listing,25-Sep-2026,Smartprix India price list / model page,Model-level price; verify RAM/storage variant
Motorola,Edge,Edge 70 Fusion,XT2603,8.0,128.0,8GB RAM / 128GB,5G,2026,27468.0,Verified current listing,25-Sep-2026,Smartprix India price list / model page,Model-level price; verify RAM/storage variant
Motorola,Edge,Edge 70 Fusion,XT2603,8.0,256.0,8GB RAM / 256GB,5G,2026,27468.0,Verified current listing,25-Sep-2026,Smartprix India price list / model page,Model-level price; verify RAM/storage variant
Motorola,Edge,Edge 70 Fusion,XT2603,12.0,256.0,12GB RAM / 256GB,5G,2026,27468.0,Verified current listing,25-Sep-2026,Smartprix India price list / model page,Model-level price; verify RAM/storage variant
Motorola,Edge,Edge 70 Max,,12.0,256.0,12GB RAM / 256GB,5G,2026,53765.0,Model-level current/market reference,25-Sep-2026,India price-list cross-check,Model-level price; verify RAM/storage variant
Motorola,Edge,Edge 70 Max,,16.0,512.0,16GB RAM / 512GB,5G,2026,53765.0,Model-level current/market reference,25-Sep-2026,India price-list cross-check,Model-level price; verify RAM/storage variant
Motorola,Edge,Edge 70 Pro,XT2601,8.0,256.0,8GB RAM / 256GB,5G,2026,38879.0,Verified current listing,25-Sep-2026,Smartprix India price list / model page,Model-level price; verify RAM/storage variant
Motorola,Edge,Edge 70 Pro,XT2601,12.0,256.0,12GB RAM / 256GB,5G,2026,38879.0,Verified current listing,25-Sep-2026,Smartprix India price list / model page,Model-level price; verify RAM/storage variant
Motorola,Edge,Edge 70 Ultra,,12.0,256.0,12GB RAM / 256GB,5G,2026,69999.0,Model-level current/market reference,25-Sep-2026,India price-list cross-check,Model-level price; verify RAM/storage variant
Motorola,Edge,Edge 70 Ultra,,16.0,512.0,16GB RAM / 512GB,5G,2026,69999.0,Model-level current/market reference,25-Sep-2026,India price-list cross-check,Model-level price; verify RAM/storage variant
Motorola,Moto G,Moto G06 Power,,4.0,64.0,4GB RAM / 64GB,4G,2026,12710.0,Model-level current/market reference,25-Sep-2026,India price-list cross-check,Model-level price; verify RAM/storage variant
Motorola,Moto G,Moto G06 Power,,4.0,128.0,4GB RAM / 128GB,4G,2026,12710.0,Model-level current/market reference,25-Sep-2026,India price-list cross-check,Model-level price; verify RAM/storage variant
Motorola,Moto G,Moto G34 5G,XT2363-2,4.0,128.0,4GB RAM / 128GB,5G,2024,14999.0,Verified current listing,25-Sep-2026,Smartprix India price list / model page,Model-level price; verify RAM/storage variant
Motorola,Moto G,Moto G34 5G,XT2363-2,8.0,128.0,8GB RAM / 128GB,5G,2024,14999.0,Verified current listing,25-Sep-2026,Smartprix India price list / model page,Model-level price; verify RAM/storage variant
Motorola,Moto G,Moto G54 5G,XT2343-6,8.0,128.0,8GB RAM / 128GB,5G,2023,15999.0,Model-level current/market reference,25-Sep-2026,India price-list cross-check,Model-level price; verify RAM/storage variant
Motorola,Moto G,Moto G54 5G,XT2343-6,12.0,256.0,12GB RAM / 256GB,5G,2023,15999.0,Model-level current/market reference,25-Sep-2026,India price-list cross-check,Model-level price; verify RAM/storage variant
Motorola,Moto G,Moto G57 Power 5G,,8.0,128.0,8GB RAM / 128GB,5G,2026,14999.0,Model-level current/market reference,25-Sep-2026,India price-list cross-check,Model-level price; verify RAM/storage variant
Motorola,Moto G,Moto G57 Power 5G,,8.0,256.0,8GB RAM / 256GB,5G,2026,14999.0,Model-level current/market reference,25-Sep-2026,India price-list cross-check,Model-level price; verify RAM/storage variant
Motorola,Moto G,Moto G64 5G,XT2431-3,8.0,128.0,8GB RAM / 128GB,5G,2024,14999.0,Model-level current/market reference,25-Sep-2026,India price-list cross-check,Model-level price; verify RAM/storage variant
Motorola,Moto G,Moto G64 5G,XT2431-3,12.0,256.0,12GB RAM / 256GB,5G,2024,14999.0,Model-level current/market reference,25-Sep-2026,India price-list cross-check,Model-level price; verify RAM/storage variant
Motorola,Moto G,Moto G75 5G,XT2437-2,8.0,128.0,8GB RAM / 128GB,5G,2024,19999.0,Model-level current/market reference,25-Sep-2026,India price-list cross-check,Model-level price; verify RAM/storage variant
Motorola,Moto G,Moto G75 5G,XT2437-2,8.0,256.0,8GB RAM / 256GB,5G,2024,19999.0,Model-level current/market reference,25-Sep-2026,India price-list cross-check,Model-level price; verify RAM/storage variant
Motorola,Moto G,Moto G85 5G,XT2347-2,8.0,128.0,8GB RAM / 128GB,5G,2024,16999.0,Model-level current/market reference,25-Sep-2026,India price-list cross-check,Model-level price; verify RAM/storage variant
Motorola,Moto G,Moto G85 5G,XT2347-2,12.0,256.0,12GB RAM / 256GB,5G,2024,16999.0,Model-level current/market reference,25-Sep-2026,India price-list cross-check,Model-level price; verify RAM/storage variant
Motorola,Moto G,Moto G86 Power,XT2527-2,8.0,128.0,8GB RAM / 128GB,5G,2025,17835.0,Model-level current/market reference,25-Sep-2026,India price-list cross-check,Model-level price; verify RAM/storage variant
Motorola,Moto G,Moto G86 Power,XT2527-2,8.0,256.0,8GB RAM / 256GB,5G,2025,17835.0,Model-level current/market reference,25-Sep-2026,India price-list cross-check,Model-level price; verify RAM/storage variant
Motorola,Moto G,Moto G87 5G,,8.0,128.0,8GB RAM / 128GB,5G,2026,19999.0,Model-level current/market reference,25-Sep-2026,India price-list cross-check,Model-level price; verify RAM/storage variant
Motorola,Moto G,Moto G87 5G,,8.0,256.0,8GB RAM / 256GB,5G,2026,19999.0,Model-level current/market reference,25-Sep-2026,India price-list cross-check,Model-level price; verify RAM/storage variant
Motorola,Razr,Razr 60,XT2553-2,8.0,256.0,8GB RAM / 256GB,5G,2025,49950.0,Model-level current/market reference,25-Sep-2026,India price-list cross-check,Model-level price; verify RAM/storage variant
Motorola,Razr,Razr 60,XT2553-2,12.0,256.0,12GB RAM / 256GB,5G,2025,49950.0,Model-level current/market reference,25-Sep-2026,India price-list cross-check,Model-level price; verify RAM/storage variant
Motorola,Razr,Razr 60 Ultra,XT2551-3,12.0,512.0,12GB RAM / 512GB,5G,2025,79999.0,Model-level current/market reference,25-Sep-2026,India price-list cross-check,Model-level price; verify RAM/storage variant
Motorola,Razr,Razr 70 Ultra,XT2551-3,12.0,512.0,12GB RAM / 512GB,5G,2025,99999.0,Model-level current/market reference,25-Sep-2026,India price-list cross-check,Model-level price; verify RAM/storage variant
Nokia,Nokia,Nokia 105 Classic,TA-1601,,,Feature phone / storage not applicable,4G,2025,999.0,Model-level current/market reference,25-Sep-2026,India price-list cross-check,Model-level price; verify RAM/storage variant
Nokia,Nokia,Nokia 3210 4G,TA-1610,,,Feature phone / storage not applicable,4G,2024,3999.0,Model-level current/market reference,25-Sep-2026,India price-list cross-check,Model-level price; verify RAM/storage variant
Nokia,Nokia,Nokia C32,TA-1534,3.0,64.0,3GB RAM / 64GB,4G,2023,8999.0,Model-level current/market reference,25-Sep-2026,India price-list cross-check,Model-level price; verify RAM/storage variant
Nokia,Nokia,Nokia C32,TA-1534,4.0,64.0,4GB RAM / 64GB,4G,2023,8999.0,Model-level current/market reference,25-Sep-2026,India price-list cross-check,Model-level price; verify RAM/storage variant
Nokia,Nokia,Nokia C32,TA-1534,4.0,128.0,4GB RAM / 128GB,4G,2023,8999.0,Model-level current/market reference,25-Sep-2026,India price-list cross-check,Model-level price; verify RAM/storage variant
Nokia,Nokia,Nokia G42 5G,TA-1581,6.0,128.0,6GB RAM / 128GB,5G,2023,10498.0,Model-level current/market reference,25-Sep-2026,India price-list cross-check,Model-level price; verify RAM/storage variant
Nokia,Nokia,Nokia G42 5G,TA-1581,8.0,256.0,8GB RAM / 256GB,5G,2023,10498.0,Model-level current/market reference,25-Sep-2026,India price-list cross-check,Model-level price; verify RAM/storage variant
Nokia,Nokia,Nokia X30 5G,TA-1450,6.0,128.0,6GB RAM / 128GB,5G,2022,48999.0,Model-level current/market reference,25-Sep-2026,India price-list cross-check,Model-level price; verify RAM/storage variant
Nokia,Nokia,Nokia X30 5G,TA-1450,8.0,256.0,8GB RAM / 256GB,5G,2022,48999.0,Model-level current/market reference,25-Sep-2026,India price-list cross-check,Model-level price; verify RAM/storage variant
Nothing,Phone,Nothing Phone 2a,A142,8.0,128.0,8GB RAM / 128GB,5G,2024,24999.0,Verified current listing,25-Sep-2026,Smartprix India price list / model page,Model-level price; verify RAM/storage variant
Nothing,Phone,Nothing Phone 2a,A142,8.0,256.0,8GB RAM / 256GB,5G,2024,24999.0,Verified current listing,25-Sep-2026,Smartprix India price list / model page,Model-level price; verify RAM/storage variant
Nothing,Phone,Nothing Phone 2a,A142,12.0,256.0,12GB RAM / 256GB,5G,2024,24999.0,Verified current listing,25-Sep-2026,Smartprix India price list / model page,Model-level price; verify RAM/storage variant
Nothing,Phone,Nothing Phone 2a Plus,A142,8.0,256.0,8GB RAM / 256GB,5G,2024,22999.0,Model-level current/market reference,25-Sep-2026,India price-list cross-check,Model-level price; verify RAM/storage variant
Nothing,Phone,Nothing Phone 2a Plus,A142,12.0,256.0,12GB RAM / 256GB,5G,2024,22999.0,Model-level current/market reference,25-Sep-2026,India price-list cross-check,Model-level price; verify RAM/storage variant
Nothing,Phone,Nothing Phone 3,A024,12.0,256.0,12GB RAM / 256GB,5G,2025,51999.0,Verified current listing,25-Sep-2026,Smartprix India price list / model page,Model-level price; verify RAM/storage variant
Nothing,Phone,Nothing Phone 3,A024,16.0,512.0,16GB RAM / 512GB,5G,2025,51999.0,Verified current listing,25-Sep-2026,Smartprix India price list / model page,Model-level price; verify RAM/storage variant
Nothing,Phone,Nothing Phone 3a,A059,8.0,128.0,8GB RAM / 128GB,5G,2025,28999.0,Verified current listing,25-Sep-2026,Smartprix India price list / model page,Model-level price; verify RAM/storage variant
Nothing,Phone,Nothing Phone 3a,A059,8.0,256.0,8GB RAM / 256GB,5G,2025,28999.0,Verified current listing,25-Sep-2026,Smartprix India price list / model page,Model-level price; verify RAM/storage variant
Nothing,Phone,Nothing Phone 3a Pro,A024,8.0,256.0,8GB RAM / 256GB,5G,2025,27999.0,Verified current listing,25-Sep-2026,Smartprix India price list / model page,Model-level price; verify RAM/storage variant
Nothing,Phone,Nothing Phone 3a Pro,A024,12.0,256.0,12GB RAM / 256GB,5G,2025,27999.0,Verified current listing,25-Sep-2026,Smartprix India price list / model page,Model-level price; verify RAM/storage variant
Nothing,Phone,Nothing Phone 4,,8.0,256.0,8GB RAM / 256GB,5G,2026,35990.0,Verified current listing,25-Sep-2026,Smartprix India price list / model page,Model-level price; verify RAM/storage variant
Nothing,Phone,Nothing Phone 4,,12.0,512.0,12GB RAM / 512GB,5G,2026,35990.0,Verified current listing,25-Sep-2026,Smartprix India price list / model page,Model-level price; verify RAM/storage variant
Nothing,Phone,Nothing Phone 4b,,8.0,128.0,8GB RAM / 128GB,5G,2026,39995.0,Verified current listing,25-Sep-2026,Smartprix India price list / model page,Model-level price; verify RAM/storage variant
Nothing,Phone,Nothing Phone 4b,,8.0,256.0,8GB RAM / 256GB,5G,2026,39995.0,Verified current listing,25-Sep-2026,Smartprix India price list / model page,Model-level price; verify RAM/storage variant
Nubia,Nubia,Nubia Z70 Ultra,NX736J,12.0,256.0,12GB RAM / 256GB,5G,2024,53990.0,Model-level current/market reference,25-Sep-2026,India price-list cross-check,Model-level price; verify RAM/storage variant
Nubia,Nubia,Nubia Z70 Ultra,NX736J,16.0,512.0,16GB RAM / 512GB,5G,2024,53990.0,Model-level current/market reference,25-Sep-2026,India price-list cross-check,Model-level price; verify RAM/storage variant
Nubia,Nubia,Nubia Z70 Ultra,NX736J,24.0,1024.0,24GB RAM / 1024GB,5G,2024,53990.0,Model-level current/market reference,25-Sep-2026,India price-list cross-check,Model-level price; verify RAM/storage variant
Nubia,Nubia,RedMagic 10 Pro,NX789J,12.0,256.0,12GB RAM / 256GB,5G,2024,59990.0,Model-level current/market reference,25-Sep-2026,India price-list cross-check,Model-level price; verify RAM/storage variant
Nubia,Nubia,RedMagic 10 Pro,NX789J,16.0,512.0,16GB RAM / 512GB,5G,2024,59990.0,Model-level current/market reference,25-Sep-2026,India price-list cross-check,Model-level price; verify RAM/storage variant
Nubia,Nubia,RedMagic 10 Pro,NX789J,24.0,1024.0,24GB RAM / 1024GB,5G,2024,59990.0,Model-level current/market reference,25-Sep-2026,India price-list cross-check,Model-level price; verify RAM/storage variant
Nubia,Nubia,RedMagic 10S Pro,NX789J,12.0,256.0,12GB RAM / 256GB,5G,2025,59999.0,Model-level current/market reference,25-Sep-2026,India price-list cross-check,Model-level price; verify RAM/storage variant
Nubia,Nubia,RedMagic 10S Pro,NX789J,16.0,512.0,16GB RAM / 512GB,5G,2025,59999.0,Model-level current/market reference,25-Sep-2026,India price-list cross-check,Model-level price; verify RAM/storage variant
Nubia,Nubia,RedMagic 10S Pro,NX789J,24.0,1024.0,24GB RAM / 1024GB,5G,2025,59999.0,Model-level current/market reference,25-Sep-2026,India price-list cross-check,Model-level price; verify RAM/storage variant
OPPO,OPPO A,OPPO A6 Pro 5G,,8.0,128.0,8GB RAM / 128GB,5G,2025,24999.0,Model-level current/market reference,25-Sep-2026,India price-list cross-check,Model-level price; verify RAM/storage variant
OPPO,OPPO A,OPPO A6 Pro 5G,,8.0,256.0,8GB RAM / 256GB,5G,2025,24999.0,Model-level current/market reference,25-Sep-2026,India price-list cross-check,Model-level price; verify RAM/storage variant
OPPO,OPPO A,OPPO A7 Pro Max 5G,,8.0,128.0,8GB RAM / 128GB,5G,2026,34999.0,Model-level current/market reference,25-Sep-2026,India price-list cross-check,Model-level price; verify RAM/storage variant
OPPO,OPPO A,OPPO A7 Pro Max 5G,,8.0,256.0,8GB RAM / 256GB,5G,2026,34999.0,Model-level current/market reference,25-Sep-2026,India price-list cross-check,Model-level price; verify RAM/storage variant
OPPO,OPPO A,OPPO A7 Pro Max 5G,,12.0,256.0,12GB RAM / 256GB,5G,2026,34999.0,Model-level current/market reference,25-Sep-2026,India price-list cross-check,Model-level price; verify RAM/storage variant
OPPO,OPPO Find,OPPO Find X10 E,,8.0,256.0,8GB RAM / 256GB,5G,2026,69999.0,Model-level current/market reference,25-Sep-2026,India price-list cross-check,Model-level price; verify RAM/storage variant
OPPO,OPPO Find,OPPO Find X10 E,,12.0,512.0,12GB RAM / 512GB,5G,2026,69999.0,Model-level current/market reference,25-Sep-2026,India price-list cross-check,Model-level price; verify RAM/storage variant
OPPO,OPPO Find,OPPO Find X10 Pro,,12.0,256.0,12GB RAM / 256GB,5G,2026,119999.0,Model-level current/market reference,25-Sep-2026,India price-list cross-check,Model-level price; verify RAM/storage variant
OPPO,OPPO Find,OPPO Find X10 Pro,,16.0,512.0,16GB RAM / 512GB,5G,2026,119999.0,Model-level current/market reference,25-Sep-2026,India price-list cross-check,Model-level price; verify RAM/storage variant
OPPO,OPPO Find,OPPO Find X10 Ultra,,16.0,512.0,16GB RAM / 512GB,5G,2026,169999.0,Model-level current/market reference,25-Sep-2026,India price-list cross-check,Model-level price; verify RAM/storage variant
OPPO,OPPO Find,OPPO Find X10 Ultra,,16.0,1024.0,16GB RAM / 1024GB,5G,2026,169999.0,Model-level current/market reference,25-Sep-2026,India price-list cross-check,Model-level price; verify RAM/storage variant
OPPO,OPPO K,OPPO K14 Lite 4G,,4.0,64.0,4GB RAM / 64GB,4G,2026,16999.0,Model-level current/market reference,25-Sep-2026,India price-list cross-check,Model-level price; verify RAM/storage variant
OPPO,OPPO K,OPPO K14 Lite 4G,,6.0,128.0,6GB RAM / 128GB,4G,2026,16999.0,Model-level current/market reference,25-Sep-2026,India price-list cross-check,Model-level price; verify RAM/storage variant
OPPO,OPPO K,OPPO K14x 5G,,4.0,64.0,4GB RAM / 64GB,5G,2025,17149.0,Model-level current/market reference,25-Sep-2026,India price-list cross-check,Model-level price; verify RAM/storage variant
OPPO,OPPO K,OPPO K14x 5G,,6.0,128.0,6GB RAM / 128GB,5G,2025,17149.0,Model-level current/market reference,25-Sep-2026,India price-list cross-check,Model-level price; verify RAM/storage variant
OPPO,OPPO K,OPPO K14x 5G,,8.0,128.0,8GB RAM / 128GB,5G,2025,17149.0,Model-level current/market reference,25-Sep-2026,India price-list cross-check,Model-level price; verify RAM/storage variant
OPPO,OPPO K,OPPO K15 5G,,8.0,128.0,8GB RAM / 128GB,5G,2026,29999.0,Model-level current/market reference,25-Sep-2026,India price-list cross-check,Model-level price; verify RAM/storage variant
OPPO,OPPO K,OPPO K15 5G,,8.0,256.0,8GB RAM / 256GB,5G,2026,29999.0,Model-level current/market reference,25-Sep-2026,India price-list cross-check,Model-level price; verify RAM/storage variant
OPPO,OPPO K,OPPO K15 Pro,,8.0,256.0,8GB RAM / 256GB,5G,2026,39999.0,Model-level current/market reference,25-Sep-2026,India price-list cross-check,Model-level price; verify RAM/storage variant
OPPO,OPPO K,OPPO K15 Pro,,12.0,512.0,12GB RAM / 512GB,5G,2026,39999.0,Model-level current/market reference,25-Sep-2026,India price-list cross-check,Model-level price; verify RAM/storage variant
OPPO,OPPO Reno,OPPO Reno15 5G,CPH2689,8.0,128.0,8GB RAM / 128GB,5G,2025,38999.0,Model-level current/market reference,25-Sep-2026,India price-list cross-check,Model-level price; verify RAM/storage variant
OPPO,OPPO Reno,OPPO Reno15 5G,CPH2689,8.0,256.0,8GB RAM / 256GB,5G,2025,38999.0,Model-level current/market reference,25-Sep-2026,India price-list cross-check,Model-level price; verify RAM/storage variant
OPPO,OPPO Reno,OPPO Reno15 Pro 5G,CPH2697,12.0,256.0,12GB RAM / 256GB,5G,2025,60988.0,Model-level current/market reference,25-Sep-2026,India price-list cross-check,Model-level price; verify RAM/storage variant
OPPO,OPPO Reno,OPPO Reno15 Pro 5G,CPH2697,12.0,512.0,12GB RAM / 512GB,5G,2025,60988.0,Model-level current/market reference,25-Sep-2026,India price-list cross-check,Model-level price; verify RAM/storage variant
OPPO,OPPO Reno,OPPO Reno16 5G,,8.0,128.0,8GB RAM / 128GB,5G,2026,66999.0,Verified current listing,25-Sep-2026,Smartprix India price list / model page,Model-level price; verify RAM/storage variant
OPPO,OPPO Reno,OPPO Reno16 5G,,8.0,256.0,8GB RAM / 256GB,5G,2026,66999.0,Verified current listing,25-Sep-2026,Smartprix India price list / model page,Model-level price; verify RAM/storage variant
OPPO,OPPO Reno,OPPO Reno16 5G,,12.0,256.0,12GB RAM / 256GB,5G,2026,66999.0,Verified current listing,25-Sep-2026,Smartprix India price list / model page,Model-level price; verify RAM/storage variant
OPPO,OPPO Reno,OPPO Reno16 Pro 5G,,12.0,256.0,12GB RAM / 256GB,5G,2026,69999.0,Model-level current/market reference,25-Sep-2026,India price-list cross-check,Model-level price; verify RAM/storage variant
OPPO,OPPO Reno,OPPO Reno16 Pro 5G,,16.0,512.0,16GB RAM / 512GB,5G,2026,69999.0,Model-level current/market reference,25-Sep-2026,India price-list cross-check,Model-level price; verify RAM/storage variant
OnePlus,OnePlus,OnePlus 11,CPH2449,8.0,128.0,8GB RAM / 128GB,5G,2023,37900.0,Model-level current/market reference,25-Sep-2026,India price-list cross-check,Model-level price; verify RAM/storage variant
OnePlus,OnePlus,OnePlus 11,CPH2449,16.0,256.0,16GB RAM / 256GB,5G,2023,37900.0,Model-level current/market reference,25-Sep-2026,India price-list cross-check,Model-level price; verify RAM/storage variant
OnePlus,OnePlus,OnePlus 12,CPH2573,12.0,256.0,12GB RAM / 256GB,5G,2024,45999.0,Model-level current/market reference,25-Sep-2026,India price-list cross-check,Model-level price; verify RAM/storage variant
OnePlus,OnePlus,OnePlus 12,CPH2573,16.0,512.0,16GB RAM / 512GB,5G,2024,45999.0,Model-level current/market reference,25-Sep-2026,India price-list cross-check,Model-level price; verify RAM/storage variant
OnePlus,OnePlus,OnePlus 12R,CPH2585,8.0,128.0,8GB RAM / 128GB,5G,2024,27999.0,Model-level current/market reference,25-Sep-2026,India price-list cross-check,Model-level price; verify RAM/storage variant
OnePlus,OnePlus,OnePlus 12R,CPH2585,16.0,256.0,16GB RAM / 256GB,5G,2024,27999.0,Model-level current/market reference,25-Sep-2026,India price-list cross-check,Model-level price; verify RAM/storage variant
OnePlus,OnePlus,OnePlus 13,CPH2653,12.0,256.0,12GB RAM / 256GB,5G,2025,54901.0,Model-level current/market reference,25-Sep-2026,India price-list cross-check,Model-level price; verify RAM/storage variant
OnePlus,OnePlus,OnePlus 13,CPH2653,16.0,512.0,16GB RAM / 512GB,5G,2025,54901.0,Model-level current/market reference,25-Sep-2026,India price-list cross-check,Model-level price; verify RAM/storage variant
OnePlus,OnePlus,OnePlus 13,CPH2653,24.0,1024.0,24GB RAM / 1024GB,5G,2025,54901.0,Model-level current/market reference,25-Sep-2026,India price-list cross-check,Model-level price; verify RAM/storage variant
OnePlus,OnePlus,OnePlus 13R,CPH2645,12.0,256.0,12GB RAM / 256GB,5G,2025,37900.0,Model-level current/market reference,25-Sep-2026,India price-list cross-check,Model-level price; verify RAM/storage variant
OnePlus,OnePlus,OnePlus 13R,CPH2645,16.0,512.0,16GB RAM / 512GB,5G,2025,37900.0,Model-level current/market reference,25-Sep-2026,India price-list cross-check,Model-level price; verify RAM/storage variant
OnePlus,OnePlus,OnePlus 14,CPH2701,12.0,256.0,12GB RAM / 256GB,5G,2025,69999.0,Model-level current/market reference,25-Sep-2026,India price-list cross-check,Model-level price; verify RAM/storage variant
OnePlus,OnePlus,OnePlus 14,CPH2701,16.0,512.0,16GB RAM / 512GB,5G,2025,69999.0,Model-level current/market reference,25-Sep-2026,India price-list cross-check,Model-level price; verify RAM/storage variant
OnePlus,OnePlus,OnePlus 15,CPH2747,12.0,256.0,12GB RAM / 256GB,5G,2026,85999.0,Verified current listing,25-Sep-2026,Smartprix India price list / model page,Model-level price; verify RAM/storage variant
OnePlus,OnePlus,OnePlus 15,CPH2747,16.0,512.0,16GB RAM / 512GB,5G,2026,85999.0,Verified current listing,25-Sep-2026,Smartprix India price list / model page,Model-level price; verify RAM/storage variant
OnePlus,OnePlus,OnePlus N6 5G,,8.0,128.0,8GB RAM / 128GB,5G,2026,24999.0,Verified current listing,25-Sep-2026,Smartprix India price list / model page,Model-level price; verify RAM/storage variant
OnePlus,OnePlus,OnePlus N6 5G,,12.0,256.0,12GB RAM / 256GB,5G,2026,24999.0,Verified current listing,25-Sep-2026,Smartprix India price list / model page,Model-level price; verify RAM/storage variant
OnePlus,OnePlus Nord,OnePlus Nord 4,CPH2663,8.0,128.0,8GB RAM / 128GB,5G,2024,29999.0,Verified current listing,25-Sep-2026,Smartprix India price list / model page,Model-level price; verify RAM/storage variant
OnePlus,OnePlus Nord,OnePlus Nord 4,CPH2663,8.0,256.0,8GB RAM / 256GB,5G,2024,29999.0,Verified current listing,25-Sep-2026,Smartprix India price list / model page,Model-level price; verify RAM/storage variant
OnePlus,OnePlus Nord,OnePlus Nord 4,CPH2663,12.0,256.0,12GB RAM / 256GB,5G,2024,29999.0,Verified current listing,25-Sep-2026,Smartprix India price list / model page,Model-level price; verify RAM/storage variant
OnePlus,OnePlus Nord,OnePlus Nord 5,CPH2707,8.0,256.0,8GB RAM / 256GB,5G,2025,33999.0,Verified current listing,25-Sep-2026,Smartprix India price list / model page,Model-level price; verify RAM/storage variant
OnePlus,OnePlus Nord,OnePlus Nord 5,CPH2707,12.0,256.0,12GB RAM / 256GB,5G,2025,33999.0,Verified current listing,25-Sep-2026,Smartprix India price list / model page,Model-level price; verify RAM/storage variant
OnePlus,OnePlus Nord,OnePlus Nord 5,CPH2707,12.0,512.0,12GB RAM / 512GB,5G,2025,33999.0,Verified current listing,25-Sep-2026,Smartprix India price list / model page,Model-level price; verify RAM/storage variant
OnePlus,OnePlus Nord,OnePlus Nord 6,,8.0,128.0,8GB RAM / 128GB,5G,2026,46999.0,Verified current listing,25-Sep-2026,Smartprix India price list / model page,Model-level price; verify RAM/storage variant
OnePlus,OnePlus Nord,OnePlus Nord 6,,12.0,256.0,12GB RAM / 256GB,5G,2026,46999.0,Verified current listing,25-Sep-2026,Smartprix India price list / model page,Model-level price; verify RAM/storage variant
OnePlus,OnePlus Nord,OnePlus Nord 6,,16.0,512.0,16GB RAM / 512GB,5G,2026,46999.0,Verified current listing,25-Sep-2026,Smartprix India price list / model page,Model-level price; verify RAM/storage variant
OnePlus,OnePlus Nord,OnePlus Nord CE4,CPH2613,8.0,128.0,8GB RAM / 128GB,5G,2024,18999.0,Model-level current/market reference,25-Sep-2026,India price-list cross-check,Model-level price; verify RAM/storage variant
OnePlus,OnePlus Nord,OnePlus Nord CE4,CPH2613,8.0,256.0,8GB RAM / 256GB,5G,2024,18999.0,Model-level current/market reference,25-Sep-2026,India price-list cross-check,Model-level price; verify RAM/storage variant
OnePlus,OnePlus Nord,OnePlus Nord CE4 Lite,CPH2619,8.0,128.0,8GB RAM / 128GB,5G,2024,15499.0,Model-level current/market reference,25-Sep-2026,India price-list cross-check,Model-level price; verify RAM/storage variant
OnePlus,OnePlus Nord,OnePlus Nord CE4 Lite,CPH2619,8.0,256.0,8GB RAM / 256GB,5G,2024,15499.0,Model-level current/market reference,25-Sep-2026,India price-list cross-check,Model-level price; verify RAM/storage variant
OnePlus,OnePlus Nord,OnePlus Nord CE5,CPH2717,8.0,128.0,8GB RAM / 128GB,5G,2025,22500.0,Model-level current/market reference,25-Sep-2026,India price-list cross-check,Model-level price; verify RAM/storage variant
OnePlus,OnePlus Nord,OnePlus Nord CE5,CPH2717,8.0,256.0,8GB RAM / 256GB,5G,2025,22500.0,Model-level current/market reference,25-Sep-2026,India price-list cross-check,Model-level price; verify RAM/storage variant
POCO,POCO,POCO F7,24099PCDAG,8.0,256.0,8GB RAM / 256GB,5G,2025,35999.0,Model-level current/market reference,25-Sep-2026,India price-list cross-check,Model-level price; verify RAM/storage variant
POCO,POCO,POCO F7,24099PCDAG,12.0,256.0,12GB RAM / 256GB,5G,2025,35999.0,Model-level current/market reference,25-Sep-2026,India price-list cross-check,Model-level price; verify RAM/storage variant
POCO,POCO,POCO F7,24099PCDAG,12.0,512.0,12GB RAM / 512GB,5G,2025,35999.0,Model-level current/market reference,25-Sep-2026,India price-list cross-check,Model-level price; verify RAM/storage variant
POCO,POCO,POCO F7 Pro,24117RK2CG,12.0,256.0,12GB RAM / 256GB,5G,2025,45999.0,Model-level current/market reference,25-Sep-2026,India price-list cross-check,Model-level price; verify RAM/storage variant
POCO,POCO,POCO F7 Pro,24117RK2CG,12.0,512.0,12GB RAM / 512GB,5G,2025,45999.0,Model-level current/market reference,25-Sep-2026,India price-list cross-check,Model-level price; verify RAM/storage variant
POCO,POCO,POCO F7 Ultra,24117RK2CI,12.0,256.0,12GB RAM / 256GB,5G,2025,59999.0,Model-level current/market reference,25-Sep-2026,India price-list cross-check,Model-level price; verify RAM/storage variant
POCO,POCO,POCO F7 Ultra,24117RK2CI,16.0,512.0,16GB RAM / 512GB,5G,2025,59999.0,Model-level current/market reference,25-Sep-2026,India price-list cross-check,Model-level price; verify RAM/storage variant
POCO,POCO,POCO F9 Pro 5G,,12.0,256.0,12GB RAM / 256GB,5G,2026,69999.0,Model-level current/market reference,25-Sep-2026,India price-list cross-check,Model-level price; verify RAM/storage variant
POCO,POCO,POCO F9 Pro 5G,,16.0,512.0,16GB RAM / 512GB,5G,2026,69999.0,Model-level current/market reference,25-Sep-2026,India price-list cross-check,Model-level price; verify RAM/storage variant
POCO,POCO,POCO F9 Ultra 5G,,12.0,256.0,12GB RAM / 256GB,5G,2026,99999.0,Model-level current/market reference,25-Sep-2026,India price-list cross-check,Model-level price; verify RAM/storage variant
POCO,POCO,POCO F9 Ultra 5G,,16.0,512.0,16GB RAM / 512GB,5G,2026,99999.0,Model-level current/market reference,25-Sep-2026,India price-list cross-check,Model-level price; verify RAM/storage variant
POCO,POCO,POCO M7 5G,,6.0,128.0,6GB RAM / 128GB,5G,2025,12499.0,Model-level current/market reference,25-Sep-2026,India price-list cross-check,Model-level price; verify RAM/storage variant
POCO,POCO,POCO M7 5G,,8.0,128.0,8GB RAM / 128GB,5G,2025,12499.0,Model-level current/market reference,25-Sep-2026,India price-list cross-check,Model-level price; verify RAM/storage variant
POCO,POCO,POCO M7 Pro 5G,24108PCE2I,6.0,128.0,6GB RAM / 128GB,5G,2024,14999.0,Model-level current/market reference,25-Sep-2026,India price-list cross-check,Model-level price; verify RAM/storage variant
POCO,POCO,POCO M7 Pro 5G,24108PCE2I,8.0,256.0,8GB RAM / 256GB,5G,2024,14999.0,Model-level current/market reference,25-Sep-2026,India price-list cross-check,Model-level price; verify RAM/storage variant
POCO,POCO,POCO X7,24095PCADG,8.0,128.0,8GB RAM / 128GB,5G,2025,17999.0,Model-level current/market reference,25-Sep-2026,India price-list cross-check,Model-level price; verify RAM/storage variant
POCO,POCO,POCO X7,24095PCADG,8.0,256.0,8GB RAM / 256GB,5G,2025,17999.0,Model-level current/market reference,25-Sep-2026,India price-list cross-check,Model-level price; verify RAM/storage variant
POCO,POCO,POCO X7,24095PCADG,12.0,512.0,12GB RAM / 512GB,5G,2025,17999.0,Model-level current/market reference,25-Sep-2026,India price-list cross-check,Model-level price; verify RAM/storage variant
POCO,POCO,POCO X7 Pro,24117RK2CI,8.0,256.0,8GB RAM / 256GB,5G,2025,23999.0,Model-level current/market reference,25-Sep-2026,India price-list cross-check,Model-level price; verify RAM/storage variant
POCO,POCO,POCO X7 Pro,24117RK2CI,12.0,256.0,12GB RAM / 256GB,5G,2025,23999.0,Model-level current/market reference,25-Sep-2026,India price-list cross-check,Model-level price; verify RAM/storage variant
POCO,POCO,POCO X8 5G,,8.0,128.0,8GB RAM / 128GB,5G,2026,29999.0,Model-level current/market reference,25-Sep-2026,India price-list cross-check,Model-level price; verify RAM/storage variant
POCO,POCO,POCO X8 5G,,8.0,256.0,8GB RAM / 256GB,5G,2026,29999.0,Model-level current/market reference,25-Sep-2026,India price-list cross-check,Model-level price; verify RAM/storage variant
POCO,POCO,POCO X8 Power 5G,,8.0,128.0,8GB RAM / 128GB,5G,2026,35999.0,Model-level current/market reference,25-Sep-2026,India price-list cross-check,Model-level price; verify RAM/storage variant
POCO,POCO,POCO X8 Power 5G,,8.0,256.0,8GB RAM / 256GB,5G,2026,35999.0,Model-level current/market reference,25-Sep-2026,India price-list cross-check,Model-level price; verify RAM/storage variant
POCO,POCO,POCO X8 Power 5G,,12.0,256.0,12GB RAM / 256GB,5G,2026,35999.0,Model-level current/market reference,25-Sep-2026,India price-list cross-check,Model-level price; verify RAM/storage variant
Samsung,Galaxy A,Galaxy A08 4G,SM-A085B,4.0,64.0,4GB RAM / 64GB,4G,2026,9999.0,Model-level current/market reference,25-Sep-2026,India price-list cross-check,Model-level price; verify RAM/storage variant
Samsung,Galaxy A,Galaxy A08 4G,SM-A085B,4.0,128.0,4GB RAM / 128GB,4G,2026,9999.0,Model-level current/market reference,25-Sep-2026,India price-list cross-check,Model-level price; verify RAM/storage variant
Samsung,Galaxy A,Galaxy A08 4G,SM-A085B,6.0,128.0,6GB RAM / 128GB,4G,2026,9999.0,Model-level current/market reference,25-Sep-2026,India price-list cross-check,Model-level price; verify RAM/storage variant
Samsung,Galaxy A,Galaxy A26 5G,SM-A266B,6.0,128.0,6GB RAM / 128GB,5G,2025,20998.0,Model-level current/market reference,25-Sep-2026,India price-list cross-check,Model-level price; verify RAM/storage variant
Samsung,Galaxy A,Galaxy A26 5G,SM-A266B,8.0,128.0,8GB RAM / 128GB,5G,2025,20998.0,Model-level current/market reference,25-Sep-2026,India price-list cross-check,Model-level price; verify RAM/storage variant
Samsung,Galaxy A,Galaxy A26 5G,SM-A266B,8.0,256.0,8GB RAM / 256GB,5G,2025,20998.0,Model-level current/market reference,25-Sep-2026,India price-list cross-check,Model-level price; verify RAM/storage variant
Samsung,Galaxy A,Galaxy A36 5G,SM-A366B,6.0,128.0,6GB RAM / 128GB,5G,2025,27890.0,Verified current listing,25-Sep-2026,Smartprix India price list / model page,Model-level price; verify RAM/storage variant
Samsung,Galaxy A,Galaxy A36 5G,SM-A366B,8.0,128.0,8GB RAM / 128GB,5G,2025,27890.0,Verified current listing,25-Sep-2026,Smartprix India price list / model page,Model-level price; verify RAM/storage variant
Samsung,Galaxy A,Galaxy A36 5G,SM-A366B,8.0,256.0,8GB RAM / 256GB,5G,2025,27890.0,Verified current listing,25-Sep-2026,Smartprix India price list / model page,Model-level price; verify RAM/storage variant
Samsung,Galaxy A,Galaxy A37 5G,SM-A376B,6.0,128.0,6GB RAM / 128GB,5G,2026,29999.0,Model-level current/market reference,25-Sep-2026,India price-list cross-check,Model-level price; verify RAM/storage variant
Samsung,Galaxy A,Galaxy A37 5G,SM-A376B,8.0,128.0,8GB RAM / 128GB,5G,2026,29999.0,Model-level current/market reference,25-Sep-2026,India price-list cross-check,Model-level price; verify RAM/storage variant
Samsung,Galaxy A,Galaxy A37 5G,SM-A376B,8.0,256.0,8GB RAM / 256GB,5G,2026,29999.0,Model-level current/market reference,25-Sep-2026,India price-list cross-check,Model-level price; verify RAM/storage variant
Samsung,Galaxy A,Galaxy A56 5G,SM-A566B,8.0,128.0,8GB RAM / 128GB,5G,2025,36999.0,Verified current listing,25-Sep-2026,Smartprix India price list / model page,Model-level price; verify RAM/storage variant
Samsung,Galaxy A,Galaxy A56 5G,SM-A566B,8.0,256.0,8GB RAM / 256GB,5G,2025,36999.0,Verified current listing,25-Sep-2026,Smartprix India price list / model page,Model-level price; verify RAM/storage variant
Samsung,Galaxy A,Galaxy A56 5G,SM-A566B,12.0,256.0,12GB RAM / 256GB,5G,2025,36999.0,Verified current listing,25-Sep-2026,Smartprix India price list / model page,Model-level price; verify RAM/storage variant
Samsung,Galaxy A,Galaxy A57 5G,SM-A576B,8.0,128.0,8GB RAM / 128GB,5G,2026,56999.0,Verified current listing,25-Sep-2026,Smartprix India price list / model page,Model-level price; verify RAM/storage variant
Samsung,Galaxy A,Galaxy A57 5G,SM-A576B,8.0,256.0,8GB RAM / 256GB,5G,2026,56999.0,Verified current listing,25-Sep-2026,Smartprix India price list / model page,Model-level price; verify RAM/storage variant
Samsung,Galaxy A,Galaxy A57 5G,SM-A576B,12.0,256.0,12GB RAM / 256GB,5G,2026,56999.0,Verified current listing,25-Sep-2026,Smartprix India price list / model page,Model-level price; verify RAM/storage variant
Samsung,Galaxy F,Galaxy F06 5G,SM-E066B,4.0,128.0,4GB RAM / 128GB,5G,2025,14999.0,Verified current listing,25-Sep-2026,Smartprix India price list / model page,Model-level price; verify RAM/storage variant
Samsung,Galaxy F,Galaxy F06 5G,SM-E066B,6.0,128.0,6GB RAM / 128GB,5G,2025,14999.0,Verified current listing,25-Sep-2026,Smartprix India price list / model page,Model-level price; verify RAM/storage variant
Samsung,Galaxy F,Galaxy F70 Pro 5G,SM-E766B,8.0,128.0,8GB RAM / 128GB,5G,2026,26464.0,Verified current listing,25-Sep-2026,Smartprix India price list / model page,Model-level price; verify RAM/storage variant
Samsung,Galaxy F,Galaxy F70 Pro 5G,SM-E766B,8.0,256.0,8GB RAM / 256GB,5G,2026,26464.0,Verified current listing,25-Sep-2026,Smartprix India price list / model page,Model-level price; verify RAM/storage variant
Samsung,Galaxy F,Galaxy F70 Pro 5G,SM-E766B,12.0,256.0,12GB RAM / 256GB,5G,2026,26464.0,Verified current listing,25-Sep-2026,Smartprix India price list / model page,Model-level price; verify RAM/storage variant
Samsung,Galaxy F,Galaxy F70e 5G,SM-E066B,6.0,128.0,6GB RAM / 128GB,5G,2026,15829.0,Verified current listing,25-Sep-2026,Smartprix India price list / model page,Model-level price; verify RAM/storage variant
Samsung,Galaxy F,Galaxy F70e 5G,SM-E066B,8.0,128.0,8GB RAM / 128GB,5G,2026,15829.0,Verified current listing,25-Sep-2026,Smartprix India price list / model page,Model-level price; verify RAM/storage variant
Samsung,Galaxy M,Galaxy M06 5G,SM-M066B,4.0,128.0,4GB RAM / 128GB,5G,2025,14990.0,Verified current listing,25-Sep-2026,Smartprix India price list / model page,Model-level price; verify RAM/storage variant
Samsung,Galaxy M,Galaxy M06 5G,SM-M066B,6.0,128.0,6GB RAM / 128GB,5G,2025,14990.0,Verified current listing,25-Sep-2026,Smartprix India price list / model page,Model-level price; verify RAM/storage variant
Samsung,Galaxy M,Galaxy M47 5G,SM-M476B,6.0,128.0,6GB RAM / 128GB,5G,2026,26562.0,Verified current listing,25-Sep-2026,Smartprix India price list / model page,Model-level price; verify RAM/storage variant
Samsung,Galaxy M,Galaxy M47 5G,SM-M476B,8.0,128.0,8GB RAM / 128GB,5G,2026,26562.0,Verified current listing,25-Sep-2026,Smartprix India price list / model page,Model-level price; verify RAM/storage variant
Samsung,Galaxy M,Galaxy M47 5G,SM-M476B,8.0,256.0,8GB RAM / 256GB,5G,2026,26562.0,Verified current listing,25-Sep-2026,Smartprix India price list / model page,Model-level price; verify RAM/storage variant
Samsung,Galaxy S,Galaxy S24,SM-S921B,8.0,128.0,8GB RAM / 128GB,5G,2024,49999.0,Verified current listing,25-Sep-2026,Smartprix India price list / model page,Model-level price; verify RAM/storage variant
Samsung,Galaxy S,Galaxy S24,SM-S921B,8.0,256.0,8GB RAM / 256GB,5G,2024,49999.0,Verified current listing,25-Sep-2026,Smartprix India price list / model page,Model-level price; verify RAM/storage variant
Samsung,Galaxy S,Galaxy S24 FE,SM-S721B,8.0,128.0,8GB RAM / 128GB,5G,2024,39999.0,Verified current listing,25-Sep-2026,Smartprix India price list / model page,Model-level price; verify RAM/storage variant
Samsung,Galaxy S,Galaxy S24 FE,SM-S721B,8.0,256.0,8GB RAM / 256GB,5G,2024,39999.0,Verified current listing,25-Sep-2026,Smartprix India price list / model page,Model-level price; verify RAM/storage variant
Samsung,Galaxy S,Galaxy S24 Ultra,SM-S928B,12.0,256.0,12GB RAM / 256GB,5G,2024,89999.0,Model-level current/market reference,25-Sep-2026,India price-list cross-check,Model-level price; verify RAM/storage variant
Samsung,Galaxy S,Galaxy S24 Ultra,SM-S928B,12.0,512.0,12GB RAM / 512GB,5G,2024,89999.0,Model-level current/market reference,25-Sep-2026,India price-list cross-check,Model-level price; verify RAM/storage variant
Samsung,Galaxy S,Galaxy S24 Ultra,SM-S928B,12.0,1024.0,12GB RAM / 1024GB,5G,2024,89999.0,Model-level current/market reference,25-Sep-2026,India price-list cross-check,Model-level price; verify RAM/storage variant
Samsung,Galaxy S,Galaxy S24+,SM-S926B,12.0,256.0,12GB RAM / 256GB,5G,2024,71499.0,Model-level current/market reference,25-Sep-2026,India price-list cross-check,Model-level price; verify RAM/storage variant
Samsung,Galaxy S,Galaxy S24+,SM-S926B,12.0,512.0,12GB RAM / 512GB,5G,2024,71499.0,Model-level current/market reference,25-Sep-2026,India price-list cross-check,Model-level price; verify RAM/storage variant
Samsung,Galaxy S,Galaxy S25,SM-S931B,12.0,128.0,12GB RAM / 128GB,5G,2025,61800.0,Verified current listing,25-Sep-2026,Smartprix India price list / model page,Model-level price; verify RAM/storage variant
Samsung,Galaxy S,Galaxy S25,SM-S931B,12.0,256.0,12GB RAM / 256GB,5G,2025,61800.0,Verified current listing,25-Sep-2026,Smartprix India price list / model page,Model-level price; verify RAM/storage variant
Samsung,Galaxy S,Galaxy S25 FE,SM-S731B,8.0,128.0,8GB RAM / 128GB,5G,2025,53990.0,Verified current listing,25-Sep-2026,Smartprix India price list / model page,Model-level price; verify RAM/storage variant
Samsung,Galaxy S,Galaxy S25 FE,SM-S731B,8.0,256.0,8GB RAM / 256GB,5G,2025,53990.0,Verified current listing,25-Sep-2026,Smartprix India price list / model page,Model-level price; verify RAM/storage variant
Samsung,Galaxy S,Galaxy S25 Ultra,SM-S938B,12.0,256.0,12GB RAM / 256GB,5G,2025,99999.0,Verified current listing,25-Sep-2026,Smartprix India price list / model page,Model-level price; verify RAM/storage variant
Samsung,Galaxy S,Galaxy S25 Ultra,SM-S938B,12.0,512.0,12GB RAM / 512GB,5G,2025,99999.0,Verified current listing,25-Sep-2026,Smartprix India price list / model page,Model-level price; verify RAM/storage variant
Samsung,Galaxy S,Galaxy S25 Ultra,SM-S938B,12.0,1024.0,12GB RAM / 1024GB,5G,2025,99999.0,Verified current listing,25-Sep-2026,Smartprix India price list / model page,Model-level price; verify RAM/storage variant
Samsung,Galaxy S,Galaxy S25+,SM-S936B,12.0,256.0,12GB RAM / 256GB,5G,2025,71499.0,Model-level current/market reference,25-Sep-2026,India price-list cross-check,Model-level price; verify RAM/storage variant
Samsung,Galaxy S,Galaxy S25+,SM-S936B,12.0,512.0,12GB RAM / 512GB,5G,2025,71499.0,Model-level current/market reference,25-Sep-2026,India price-list cross-check,Model-level price; verify RAM/storage variant
Samsung,Galaxy S,Galaxy S26,SM-S942B,12.0,256.0,12GB RAM / 256GB,5G,2026,79999.0,Verified current listing,25-Sep-2026,Smartprix India price list / model page,Model-level price; verify RAM/storage variant
Samsung,Galaxy S,Galaxy S26,SM-S942B,12.0,512.0,12GB RAM / 512GB,5G,2026,79999.0,Verified current listing,25-Sep-2026,Smartprix India price list / model page,Model-level price; verify RAM/storage variant
Samsung,Galaxy S,Galaxy S26 FE,SM-S741B,8.0,128.0,8GB RAM / 128GB,5G,2026,69999.0,Verified current listing,25-Sep-2026,Smartprix India price list / model page,Model-level price; verify RAM/storage variant
Samsung,Galaxy S,Galaxy S26 FE,SM-S741B,8.0,256.0,8GB RAM / 256GB,5G,2026,69999.0,Verified current listing,25-Sep-2026,Smartprix India price list / model page,Model-level price; verify RAM/storage variant
Samsung,Galaxy S,Galaxy S26 Ultra,SM-S948B,12.0,256.0,12GB RAM / 256GB,5G,2026,130999.0,Verified current listing,25-Sep-2026,Smartprix India price list / model page,Model-level price; verify RAM/storage variant
Samsung,Galaxy S,Galaxy S26 Ultra,SM-S948B,12.0,512.0,12GB RAM / 512GB,5G,2026,130999.0,Verified current listing,25-Sep-2026,Smartprix India price list / model page,Model-level price; verify RAM/storage variant
Samsung,Galaxy S,Galaxy S26 Ultra,SM-S948B,16.0,1024.0,16GB RAM / 1024GB,5G,2026,130999.0,Verified current listing,25-Sep-2026,Smartprix India price list / model page,Model-level price; verify RAM/storage variant
Samsung,Galaxy S,Galaxy S26+,SM-S947B,12.0,256.0,12GB RAM / 256GB,5G,2026,79999.0,Model-level current/market reference,25-Sep-2026,India price-list cross-check,Model-level price; verify RAM/storage variant
Samsung,Galaxy S,Galaxy S26+,SM-S947B,12.0,512.0,12GB RAM / 512GB,5G,2026,79999.0,Model-level current/market reference,25-Sep-2026,India price-list cross-check,Model-level price; verify RAM/storage variant
Samsung,Galaxy Z,Galaxy Z Flip7,SM-F766B,12.0,256.0,12GB RAM / 256GB,5G,2025,86746.0,Model-level current/market reference,25-Sep-2026,India price-list cross-check,Model-level price; verify RAM/storage variant
Samsung,Galaxy Z,Galaxy Z Flip7,SM-F766B,12.0,512.0,12GB RAM / 512GB,5G,2025,86746.0,Model-level current/market reference,25-Sep-2026,India price-list cross-check,Model-level price; verify RAM/storage variant
Samsung,Galaxy Z,Galaxy Z Flip8,SM-F766B,12.0,256.0,12GB RAM / 256GB,5G,2026,124999.0,Model-level current/market reference,25-Sep-2026,India price-list cross-check,Model-level price; verify RAM/storage variant
Samsung,Galaxy Z,Galaxy Z Flip8,SM-F766B,12.0,512.0,12GB RAM / 512GB,5G,2026,124999.0,Model-level current/market reference,25-Sep-2026,India price-list cross-check,Model-level price; verify RAM/storage variant
Samsung,Galaxy Z,Galaxy Z Fold7,SM-F966B,12.0,256.0,12GB RAM / 256GB,5G,2025,154999.0,Model-level current/market reference,25-Sep-2026,India price-list cross-check,Model-level price; verify RAM/storage variant
Samsung,Galaxy Z,Galaxy Z Fold7,SM-F966B,12.0,512.0,12GB RAM / 512GB,5G,2025,154999.0,Model-level current/market reference,25-Sep-2026,India price-list cross-check,Model-level price; verify RAM/storage variant
Samsung,Galaxy Z,Galaxy Z Fold7,SM-F966B,16.0,1024.0,16GB RAM / 1024GB,5G,2025,154999.0,Model-level current/market reference,25-Sep-2026,India price-list cross-check,Model-level price; verify RAM/storage variant
Samsung,Galaxy Z,Galaxy Z Fold8,SM-F968B,12.0,256.0,12GB RAM / 256GB,5G,2026,174999.0,Model-level current/market reference,25-Sep-2026,India price-list cross-check,Model-level price; verify RAM/storage variant
Samsung,Galaxy Z,Galaxy Z Fold8,SM-F968B,12.0,512.0,12GB RAM / 512GB,5G,2026,174999.0,Model-level current/market reference,25-Sep-2026,India price-list cross-check,Model-level price; verify RAM/storage variant
Samsung,Galaxy Z,Galaxy Z Fold8,SM-F968B,16.0,1024.0,16GB RAM / 1024GB,5G,2026,174999.0,Model-level current/market reference,25-Sep-2026,India price-list cross-check,Model-level price; verify RAM/storage variant
Sony,Sony,Xperia 1 VI,XQ-EC72,12.0,256.0,12GB RAM / 256GB,5G,2024,126999.0,Model-level current/market reference,25-Sep-2026,India price-list cross-check,Model-level price; verify RAM/storage variant
Sony,Sony,Xperia 1 VI,XQ-EC72,12.0,512.0,12GB RAM / 512GB,5G,2024,126999.0,Model-level current/market reference,25-Sep-2026,India price-list cross-check,Model-level price; verify RAM/storage variant
Sony,Sony,Xperia 1 VII,XQ-FS72,12.0,256.0,12GB RAM / 256GB,5G,2025,149999.0,Model-level current/market reference,25-Sep-2026,India price-list cross-check,Model-level price; verify RAM/storage variant
Sony,Sony,Xperia 10 VI,XQ-ES72,8.0,128.0,8GB RAM / 128GB,5G,2024,49999.0,Model-level current/market reference,25-Sep-2026,India price-list cross-check,Model-level price; verify RAM/storage variant
Tecno,Tecno Camon,Tecno Camon 40 Pro,,8.0,128.0,8GB RAM / 128GB,4G,2025,17990.0,Model-level current/market reference,25-Sep-2026,India price-list cross-check,Model-level price; verify RAM/storage variant
Tecno,Tecno Camon,Tecno Camon 40 Pro,,8.0,256.0,8GB RAM / 256GB,4G,2025,17990.0,Model-level current/market reference,25-Sep-2026,India price-list cross-check,Model-level price; verify RAM/storage variant
Tecno,Tecno Camon,Tecno Camon 40 Pro 5G,CM6,8.0,256.0,8GB RAM / 256GB,5G,2025,25990.0,Verified current listing,25-Sep-2026,Smartprix India price list / model page,Model-level price; verify RAM/storage variant
Tecno,Tecno Camon,Tecno Camon 40 Pro 5G,CM6,12.0,256.0,12GB RAM / 256GB,5G,2025,25990.0,Verified current listing,25-Sep-2026,Smartprix India price list / model page,Model-level price; verify RAM/storage variant
Tecno,Tecno Phantom,Tecno Phantom V Flip2,AE11,8.0,256.0,8GB RAM / 256GB,5G,2024,49999.0,Model-level current/market reference,25-Sep-2026,India price-list cross-check,Model-level price; verify RAM/storage variant
Tecno,Tecno Phantom,Tecno Phantom V Fold2,AE11,12.0,512.0,12GB RAM / 512GB,5G,2024,89999.0,Model-level current/market reference,25-Sep-2026,India price-list cross-check,Model-level price; verify RAM/storage variant
Tecno,Tecno Pova,Tecno Pova 6 Pro 5G,LH8n,8.0,256.0,8GB RAM / 256GB,5G,2024,19999.0,Model-level current/market reference,25-Sep-2026,India price-list cross-check,Model-level price; verify RAM/storage variant
Tecno,Tecno Pova,Tecno Pova 6 Pro 5G,LH8n,12.0,256.0,12GB RAM / 256GB,5G,2024,19999.0,Model-level current/market reference,25-Sep-2026,India price-list cross-check,Model-level price; verify RAM/storage variant
Tecno,Tecno Pova,Tecno Pova 7 Pro 5G,,8.0,128.0,8GB RAM / 128GB,5G,2025,22999.0,Model-level current/market reference,25-Sep-2026,India price-list cross-check,Model-level price; verify RAM/storage variant
Tecno,Tecno Pova,Tecno Pova 7 Pro 5G,,8.0,256.0,8GB RAM / 256GB,5G,2025,22999.0,Model-level current/market reference,25-Sep-2026,India price-list cross-check,Model-level price; verify RAM/storage variant
Tecno,Tecno Pova,Tecno Pova 7 Ultra 5G,,8.0,256.0,8GB RAM / 256GB,5G,2025,22990.0,Verified current listing,25-Sep-2026,Smartprix India price list / model page,Model-level price; verify RAM/storage variant
Tecno,Tecno Pova,Tecno Pova 7 Ultra 5G,,12.0,256.0,12GB RAM / 256GB,5G,2025,22990.0,Verified current listing,25-Sep-2026,Smartprix India price list / model page,Model-level price; verify RAM/storage variant
Tecno,Tecno Spark,Tecno Spark 40 5G,,4.0,128.0,4GB RAM / 128GB,5G,2025,13999.0,Model-level current/market reference,25-Sep-2026,India price-list cross-check,Model-level price; verify RAM/storage variant
Tecno,Tecno Spark,Tecno Spark 40 5G,,6.0,128.0,6GB RAM / 128GB,5G,2025,13999.0,Model-level current/market reference,25-Sep-2026,India price-list cross-check,Model-level price; verify RAM/storage variant
Tecno,Tecno Spark,Tecno Spark 40 Pro,,8.0,128.0,8GB RAM / 128GB,4G,2025,17999.0,Verified current listing,25-Sep-2026,Smartprix India price list / model page,Model-level price; verify RAM/storage variant
Tecno,Tecno Spark,Tecno Spark 40 Pro,,8.0,256.0,8GB RAM / 256GB,4G,2025,17999.0,Verified current listing,25-Sep-2026,Smartprix India price list / model page,Model-level price; verify RAM/storage variant
Xiaomi,Redmi,Redmi 15 4G,,6.0,128.0,6GB RAM / 128GB,4G,2025,14999.0,Model-level current/market reference,25-Sep-2026,India price-list cross-check,Model-level price; verify RAM/storage variant
Xiaomi,Redmi,Redmi 15 4G,,8.0,256.0,8GB RAM / 256GB,4G,2025,14999.0,Model-level current/market reference,25-Sep-2026,India price-list cross-check,Model-level price; verify RAM/storage variant
Xiaomi,Redmi,Redmi 15 5G,,6.0,128.0,6GB RAM / 128GB,5G,2025,16999.0,Model-level current/market reference,25-Sep-2026,India price-list cross-check,Model-level price; verify RAM/storage variant
Xiaomi,Redmi,Redmi 15 5G,,8.0,256.0,8GB RAM / 256GB,5G,2025,16999.0,Model-level current/market reference,25-Sep-2026,India price-list cross-check,Model-level price; verify RAM/storage variant
Xiaomi,Redmi,Redmi 17 5G,,6.0,128.0,6GB RAM / 128GB,5G,2026,23999.0,Verified current listing,25-Sep-2026,Smartprix India price list / model page,Model-level price; verify RAM/storage variant
Xiaomi,Redmi,Redmi 17 5G,,8.0,256.0,8GB RAM / 256GB,5G,2026,23999.0,Verified current listing,25-Sep-2026,Smartprix India price list / model page,Model-level price; verify RAM/storage variant
Xiaomi,Redmi A,Redmi A5,,3.0,64.0,3GB RAM / 64GB,4G,2025,7999.0,Model-level current/market reference,25-Sep-2026,India price-list cross-check,Model-level price; verify RAM/storage variant
Xiaomi,Redmi A,Redmi A5,,4.0,64.0,4GB RAM / 64GB,4G,2025,7999.0,Model-level current/market reference,25-Sep-2026,India price-list cross-check,Model-level price; verify RAM/storage variant
Xiaomi,Redmi A,Redmi A5,,4.0,128.0,4GB RAM / 128GB,4G,2025,7999.0,Model-level current/market reference,25-Sep-2026,India price-list cross-check,Model-level price; verify RAM/storage variant
Xiaomi,Redmi Note,Redmi Note 16 5G,,6.0,128.0,6GB RAM / 128GB,5G,2025,24999.0,Model-level current/market reference,25-Sep-2026,India price-list cross-check,Model-level price; verify RAM/storage variant
Xiaomi,Redmi Note,Redmi Note 16 5G,,8.0,256.0,8GB RAM / 256GB,5G,2025,24999.0,Model-level current/market reference,25-Sep-2026,India price-list cross-check,Model-level price; verify RAM/storage variant
Xiaomi,Redmi Note,Redmi Note 16 Pro 5G,,8.0,128.0,8GB RAM / 128GB,5G,2025,29999.0,Model-level current/market reference,25-Sep-2026,India price-list cross-check,Model-level price; verify RAM/storage variant
Xiaomi,Redmi Note,Redmi Note 16 Pro 5G,,8.0,256.0,8GB RAM / 256GB,5G,2025,29999.0,Model-level current/market reference,25-Sep-2026,India price-list cross-check,Model-level price; verify RAM/storage variant
Xiaomi,Redmi Note,Redmi Note 16 Pro 5G,,12.0,256.0,12GB RAM / 256GB,5G,2025,29999.0,Model-level current/market reference,25-Sep-2026,India price-list cross-check,Model-level price; verify RAM/storage variant
Xiaomi,Redmi Note,Redmi Note 16 Pro+ 5G,,8.0,256.0,8GB RAM / 256GB,5G,2025,36999.0,Model-level current/market reference,25-Sep-2026,India price-list cross-check,Model-level price; verify RAM/storage variant
Xiaomi,Redmi Note,Redmi Note 16 Pro+ 5G,,12.0,256.0,12GB RAM / 256GB,5G,2025,36999.0,Model-level current/market reference,25-Sep-2026,India price-list cross-check,Model-level price; verify RAM/storage variant
Xiaomi,Redmi Note,Redmi Note 16 Pro+ 5G,,12.0,512.0,12GB RAM / 512GB,5G,2025,36999.0,Model-level current/market reference,25-Sep-2026,India price-list cross-check,Model-level price; verify RAM/storage variant
Xiaomi,Redmi Note,Redmi Note 17 5G,,6.0,128.0,6GB RAM / 128GB,5G,2026,27999.0,Model-level current/market reference,25-Sep-2026,India price-list cross-check,Model-level price; verify RAM/storage variant
Xiaomi,Redmi Note,Redmi Note 17 5G,,8.0,256.0,8GB RAM / 256GB,5G,2026,27999.0,Model-level current/market reference,25-Sep-2026,India price-list cross-check,Model-level price; verify RAM/storage variant
Xiaomi,Redmi Note,Redmi Note 17 Pro 5G,,8.0,128.0,8GB RAM / 128GB,5G,2026,36999.0,Verified current listing,25-Sep-2026,Smartprix India price list / model page,Model-level price; verify RAM/storage variant
Xiaomi,Redmi Note,Redmi Note 17 Pro 5G,,8.0,256.0,8GB RAM / 256GB,5G,2026,36999.0,Verified current listing,25-Sep-2026,Smartprix India price list / model page,Model-level price; verify RAM/storage variant
Xiaomi,Redmi Note,Redmi Note 17 Pro 5G,,12.0,256.0,12GB RAM / 256GB,5G,2026,36999.0,Verified current listing,25-Sep-2026,Smartprix India price list / model page,Model-level price; verify RAM/storage variant
Xiaomi,Xiaomi,Xiaomi 15,24129PN74I,12.0,512.0,12GB RAM / 512GB,5G,2025,69990.0,Model-level current/market reference,25-Sep-2026,India price-list cross-check,Model-level price; verify RAM/storage variant
Xiaomi,Xiaomi,Xiaomi 15 Ultra,25010PN30I,16.0,512.0,16GB RAM / 512GB,5G,2025,89990.0,Model-level current/market reference,25-Sep-2026,India price-list cross-check,Model-level price; verify RAM/storage variant
Xiaomi,Xiaomi,Xiaomi 15 Ultra,25010PN30I,16.0,1024.0,16GB RAM / 1024GB,5G,2025,89990.0,Model-level current/market reference,25-Sep-2026,India price-list cross-check,Model-level price; verify RAM/storage variant
Xiaomi,Xiaomi,Xiaomi 18,,12.0,256.0,12GB RAM / 256GB,5G,2026,79999.0,Model-level current/market reference,25-Sep-2026,India price-list cross-check,Model-level price; verify RAM/storage variant
Xiaomi,Xiaomi,Xiaomi 18,,16.0,512.0,16GB RAM / 512GB,5G,2026,79999.0,Model-level current/market reference,25-Sep-2026,India price-list cross-check,Model-level price; verify RAM/storage variant
Xiaomi,Xiaomi,Xiaomi 18 Fold,,12.0,512.0,12GB RAM / 512GB,5G,2026,129999.0,Model-level current/market reference,25-Sep-2026,India price-list cross-check,Model-level price; verify RAM/storage variant
Xiaomi,Xiaomi,Xiaomi 18 Fold,,16.0,1024.0,16GB RAM / 1024GB,5G,2026,129999.0,Model-level current/market reference,25-Sep-2026,India price-list cross-check,Model-level price; verify RAM/storage variant
Xiaomi,Xiaomi,Xiaomi 18 Pro,,12.0,256.0,12GB RAM / 256GB,5G,2026,85990.0,Verified current listing,25-Sep-2026,Smartprix India price list / model page,Model-level price; verify RAM/storage variant
Xiaomi,Xiaomi,Xiaomi 18 Pro,,16.0,512.0,16GB RAM / 512GB,5G,2026,85990.0,Verified current listing,25-Sep-2026,Smartprix India price list / model page,Model-level price; verify RAM/storage variant
Xiaomi,Xiaomi,Xiaomi 18 Pro,,16.0,1024.0,16GB RAM / 1024GB,5G,2026,85990.0,Verified current listing,25-Sep-2026,Smartprix India price list / model page,Model-level price; verify RAM/storage variant
ZTE,ZTE,ZTE Nubia Focus Pro 5G,Z2353N,8.0,256.0,8GB RAM / 256GB,5G,2024,20990.0,Model-level current/market reference,25-Sep-2026,India price-list cross-check,Model-level price; verify RAM/storage variant
ZTE,ZTE,ZTE Nubia Focus Pro 5G,Z2353N,12.0,256.0,12GB RAM / 256GB,5G,2024,20990.0,Model-level current/market reference,25-Sep-2026,India price-list cross-check,Model-level price; verify RAM/storage variant
iQOO,iQOO,iQOO 13,I2406,12.0,256.0,12GB RAM / 256GB,5G,2024,54999.0,Model-level current/market reference,25-Sep-2026,India price-list cross-check,Model-level price; verify RAM/storage variant
iQOO,iQOO,iQOO 13,I2406,16.0,512.0,16GB RAM / 512GB,5G,2024,54999.0,Model-level current/market reference,25-Sep-2026,India price-list cross-check,Model-level price; verify RAM/storage variant
iQOO,iQOO,iQOO 16,,12.0,256.0,12GB RAM / 256GB,5G,2026,89999.0,Verified current listing,25-Sep-2026,Smartprix India price list / model page,Model-level price; verify RAM/storage variant
iQOO,iQOO,iQOO 16,,16.0,512.0,16GB RAM / 512GB,5G,2026,89999.0,Verified current listing,25-Sep-2026,Smartprix India price list / model page,Model-level price; verify RAM/storage variant
iQOO,iQOO,iQOO 16,,16.0,1024.0,16GB RAM / 1024GB,5G,2026,89999.0,Verified current listing,25-Sep-2026,Smartprix India price list / model page,Model-level price; verify RAM/storage variant
iQOO,iQOO,iQOO 16 Pro,,12.0,256.0,12GB RAM / 256GB,5G,2026,89999.0,Model-level current/market reference,25-Sep-2026,India price-list cross-check,Model-level price; verify RAM/storage variant
iQOO,iQOO,iQOO 16 Pro,,16.0,512.0,16GB RAM / 512GB,5G,2026,89999.0,Model-level current/market reference,25-Sep-2026,India price-list cross-check,Model-level price; verify RAM/storage variant
iQOO,iQOO Neo,iQOO Neo 10,I2404,8.0,128.0,8GB RAM / 128GB,5G,2024,32990.0,Model-level current/market reference,25-Sep-2026,India price-list cross-check,Model-level price; verify RAM/storage variant
iQOO,iQOO Neo,iQOO Neo 10,I2404,12.0,256.0,12GB RAM / 256GB,5G,2024,32990.0,Model-level current/market reference,25-Sep-2026,India price-list cross-check,Model-level price; verify RAM/storage variant
iQOO,iQOO Neo,iQOO Neo 10,I2404,16.0,512.0,16GB RAM / 512GB,5G,2024,32990.0,Model-level current/market reference,25-Sep-2026,India price-list cross-check,Model-level price; verify RAM/storage variant
iQOO,iQOO Neo,iQOO Neo 11 Ultra,,12.0,256.0,12GB RAM / 256GB,5G,2026,49999.0,Model-level current/market reference,25-Sep-2026,India price-list cross-check,Model-level price; verify RAM/storage variant
iQOO,iQOO Neo,iQOO Neo 11 Ultra,,16.0,512.0,16GB RAM / 512GB,5G,2026,49999.0,Model-level current/market reference,25-Sep-2026,India price-list cross-check,Model-level price; verify RAM/storage variant
iQOO,iQOO Z,iQOO Z10,I2407,8.0,128.0,8GB RAM / 128GB,5G,2025,20255.0,Model-level current/market reference,25-Sep-2026,India price-list cross-check,Model-level price; verify RAM/storage variant
iQOO,iQOO Z,iQOO Z10,I2407,8.0,256.0,8GB RAM / 256GB,5G,2025,20255.0,Model-level current/market reference,25-Sep-2026,India price-list cross-check,Model-level price; verify RAM/storage variant
iQOO,iQOO Z,iQOO Z10,I2407,12.0,256.0,12GB RAM / 256GB,5G,2025,20255.0,Model-level current/market reference,25-Sep-2026,India price-list cross-check,Model-level price; verify RAM/storage variant
iQOO,iQOO Z,iQOO Z10 Lite,I2405,4.0,128.0,4GB RAM / 128GB,5G,2025,12499.0,Model-level current/market reference,25-Sep-2026,India price-list cross-check,Model-level price; verify RAM/storage variant
iQOO,iQOO Z,iQOO Z10 Lite,I2405,6.0,128.0,6GB RAM / 128GB,5G,2025,12499.0,Model-level current/market reference,25-Sep-2026,India price-list cross-check,Model-level price; verify RAM/storage variant
iQOO,iQOO Z,iQOO Z10 Lite,I2405,8.0,256.0,8GB RAM / 256GB,5G,2025,12499.0,Model-level current/market reference,25-Sep-2026,India price-list cross-check,Model-level price; verify RAM/storage variant
iQOO,iQOO Z,iQOO Z10R,I2402,8.0,128.0,8GB RAM / 128GB,5G,2025,19970.0,Model-level current/market reference,25-Sep-2026,India price-list cross-check,Model-level price; verify RAM/storage variant
iQOO,iQOO Z,iQOO Z10R,I2402,12.0,256.0,12GB RAM / 256GB,5G,2025,19970.0,Model-level current/market reference,25-Sep-2026,India price-list cross-check,Model-level price; verify RAM/storage variant
iQOO,iQOO Z,iQOO Z10x,I2404,6.0,128.0,6GB RAM / 128GB,5G,2025,13999.0,Model-level current/market reference,25-Sep-2026,India price-list cross-check,Model-level price; verify RAM/storage variant
iQOO,iQOO Z,iQOO Z10x,I2404,8.0,128.0,8GB RAM / 128GB,5G,2025,13999.0,Model-level current/market reference,25-Sep-2026,India price-list cross-check,Model-level price; verify RAM/storage variant
iQOO,iQOO Z,iQOO Z10x,I2404,8.0,256.0,8GB RAM / 256GB,5G,2025,13999.0,Model-level current/market reference,25-Sep-2026,India price-list cross-check,Model-level price; verify RAM/storage variant
iQOO,iQOO Z,iQOO Z11 5G,,6.0,128.0,6GB RAM / 128GB,5G,2026,34999.0,Verified current listing,25-Sep-2026,Smartprix India price list / model page,Model-level price; verify RAM/storage variant
iQOO,iQOO Z,iQOO Z11 5G,,8.0,256.0,8GB RAM / 256GB,5G,2026,34999.0,Verified current listing,25-Sep-2026,Smartprix India price list / model page,Model-level price; verify RAM/storage variant
iQOO,iQOO Z,iQOO Z11xa 5G,,6.0,128.0,6GB RAM / 128GB,5G,2026,28999.0,Verified current listing,25-Sep-2026,Smartprix India price list / model page,Model-level price; verify RAM/storage variant
iQOO,iQOO Z,iQOO Z11xa 5G,,8.0,256.0,8GB RAM / 256GB,5G,2026,28999.0,Verified current listing,25-Sep-2026,Smartprix India price list / model page,Model-level price; verify RAM/storage variant
itel,itel,itel A300C 4G,,4.0,64.0,4GB RAM / 64GB,4G,2026,2499.0,Model-level current/market reference,25-Sep-2026,India price-list cross-check,Model-level price; verify RAM/storage variant
itel,itel,itel P55 5G,,4.0,64.0,4GB RAM / 64GB,5G,2024,9999.0,Model-level current/market reference,25-Sep-2026,India price-list cross-check,Model-level price; verify RAM/storage variant
itel,itel,itel P55 5G,,8.0,128.0,8GB RAM / 128GB,5G,2024,9999.0,Model-level current/market reference,25-Sep-2026,India price-list cross-check,Model-level price; verify RAM/storage variant
itel,itel,itel Zeno F30 5G,,4.0,64.0,4GB RAM / 64GB,5G,2026,8999.0,Model-level current/market reference,25-Sep-2026,India price-list cross-check,Model-level price; verify RAM/storage variant
itel,itel,itel Zeno F30 5G,,6.0,128.0,6GB RAM / 128GB,5G,2026,8999.0,Model-level current/market reference,25-Sep-2026,India price-list cross-check,Model-level price; verify RAM/storage variant
realme,realme,realme 15 5G,RMX5101,8.0,128.0,8GB RAM / 128GB,5G,2025,23999.0,Model-level current/market reference,25-Sep-2026,India price-list cross-check,Model-level price; verify RAM/storage variant
realme,realme,realme 15 5G,RMX5101,8.0,256.0,8GB RAM / 256GB,5G,2025,23999.0,Model-level current/market reference,25-Sep-2026,India price-list cross-check,Model-level price; verify RAM/storage variant
realme,realme,realme 15 Pro 5G,RMX5106,8.0,128.0,8GB RAM / 128GB,5G,2025,29999.0,Model-level current/market reference,25-Sep-2026,India price-list cross-check,Model-level price; verify RAM/storage variant
realme,realme,realme 15 Pro 5G,RMX5106,12.0,256.0,12GB RAM / 256GB,5G,2025,29999.0,Model-level current/market reference,25-Sep-2026,India price-list cross-check,Model-level price; verify RAM/storage variant
realme,realme,realme 15 Pro 5G,RMX5106,12.0,512.0,12GB RAM / 512GB,5G,2025,29999.0,Model-level current/market reference,25-Sep-2026,India price-list cross-check,Model-level price; verify RAM/storage variant
realme,realme,realme 16 5G,,8.0,128.0,8GB RAM / 128GB,5G,2026,33950.0,Model-level current/market reference,25-Sep-2026,India price-list cross-check,Model-level price; verify RAM/storage variant
realme,realme,realme 16 5G,,8.0,256.0,8GB RAM / 256GB,5G,2026,33950.0,Model-level current/market reference,25-Sep-2026,India price-list cross-check,Model-level price; verify RAM/storage variant
realme,realme,realme 16 Pro 5G,,8.0,128.0,8GB RAM / 128GB,5G,2026,31999.0,Model-level current/market reference,25-Sep-2026,India price-list cross-check,Model-level price; verify RAM/storage variant
realme,realme,realme 16 Pro 5G,,8.0,256.0,8GB RAM / 256GB,5G,2026,31999.0,Model-level current/market reference,25-Sep-2026,India price-list cross-check,Model-level price; verify RAM/storage variant
realme,realme,realme 16 Pro 5G,,12.0,256.0,12GB RAM / 256GB,5G,2026,31999.0,Model-level current/market reference,25-Sep-2026,India price-list cross-check,Model-level price; verify RAM/storage variant
realme,realme,realme 16 Pro+ 5G,,8.0,256.0,8GB RAM / 256GB,5G,2026,48999.0,Model-level current/market reference,25-Sep-2026,India price-list cross-check,Model-level price; verify RAM/storage variant
realme,realme,realme 16 Pro+ 5G,,12.0,256.0,12GB RAM / 256GB,5G,2026,48999.0,Model-level current/market reference,25-Sep-2026,India price-list cross-check,Model-level price; verify RAM/storage variant
realme,realme,realme 16 Pro+ 5G,,12.0,512.0,12GB RAM / 512GB,5G,2026,48999.0,Model-level current/market reference,25-Sep-2026,India price-list cross-check,Model-level price; verify RAM/storage variant
realme,realme,realme C100X,,4.0,64.0,4GB RAM / 64GB,4G,2026,15499.0,Model-level current/market reference,25-Sep-2026,India price-list cross-check,Model-level price; verify RAM/storage variant
realme,realme,realme C100X,,4.0,128.0,4GB RAM / 128GB,4G,2026,15499.0,Model-level current/market reference,25-Sep-2026,India price-list cross-check,Model-level price; verify RAM/storage variant
realme,realme,realme C100X,,6.0,128.0,6GB RAM / 128GB,4G,2026,15499.0,Model-level current/market reference,25-Sep-2026,India price-list cross-check,Model-level price; verify RAM/storage variant
realme,realme,realme P3 5G,RMX5070,6.0,128.0,6GB RAM / 128GB,5G,2025,15999.0,Verified current listing,25-Sep-2026,Smartprix India price list / model page,Model-level price; verify RAM/storage variant
realme,realme,realme P3 5G,RMX5070,8.0,128.0,8GB RAM / 128GB,5G,2025,15999.0,Verified current listing,25-Sep-2026,Smartprix India price list / model page,Model-level price; verify RAM/storage variant
realme,realme,realme P3 5G,RMX5070,8.0,256.0,8GB RAM / 256GB,5G,2025,15999.0,Verified current listing,25-Sep-2026,Smartprix India price list / model page,Model-level price; verify RAM/storage variant
realme,realme,realme P3 Pro 5G,RMX5030,8.0,128.0,8GB RAM / 128GB,5G,2025,23999.0,Model-level current/market reference,25-Sep-2026,India price-list cross-check,Model-level price; verify RAM/storage variant
realme,realme,realme P3 Pro 5G,RMX5030,8.0,256.0,8GB RAM / 256GB,5G,2025,23999.0,Model-level current/market reference,25-Sep-2026,India price-list cross-check,Model-level price; verify RAM/storage variant
realme,realme,realme P3 Pro 5G,RMX5030,12.0,256.0,12GB RAM / 256GB,5G,2025,23999.0,Model-level current/market reference,25-Sep-2026,India price-list cross-check,Model-level price; verify RAM/storage variant
realme,realme,realme P4 Pro 5G,,8.0,128.0,8GB RAM / 128GB,5G,2025,28899.0,Model-level current/market reference,25-Sep-2026,India price-list cross-check,Model-level price; verify RAM/storage variant
realme,realme,realme P4 Pro 5G,,8.0,256.0,8GB RAM / 256GB,5G,2025,28899.0,Model-level current/market reference,25-Sep-2026,India price-list cross-check,Model-level price; verify RAM/storage variant
realme,realme,realme P4 Pro 5G,,12.0,256.0,12GB RAM / 256GB,5G,2025,28899.0,Model-level current/market reference,25-Sep-2026,India price-list cross-check,Model-level price; verify RAM/storage variant
realme,realme,realme P4s 5G,,8.0,128.0,8GB RAM / 128GB,5G,2026,34999.0,Model-level current/market reference,25-Sep-2026,India price-list cross-check,Model-level price; verify RAM/storage variant
realme,realme,realme P4s 5G,,8.0,256.0,8GB RAM / 256GB,5G,2026,34999.0,Model-level current/market reference,25-Sep-2026,India price-list cross-check,Model-level price; verify RAM/storage variant
realme,realme,realme P4s 5G,,12.0,256.0,12GB RAM / 256GB,5G,2026,34999.0,Model-level current/market reference,25-Sep-2026,India price-list cross-check,Model-level price; verify RAM/storage variant
realme,realme,realme P4x 5G,,6.0,128.0,6GB RAM / 128GB,5G,2026,18999.0,Model-level current/market reference,25-Sep-2026,India price-list cross-check,Model-level price; verify RAM/storage variant
realme,realme,realme P4x 5G,,8.0,128.0,8GB RAM / 128GB,5G,2026,18999.0,Model-level current/market reference,25-Sep-2026,India price-list cross-check,Model-level price; verify RAM/storage variant
realme,realme,realme P4x 5G,,8.0,256.0,8GB RAM / 256GB,5G,2026,18999.0,Model-level current/market reference,25-Sep-2026,India price-list cross-check,Model-level price; verify RAM/storage variant
realme,realme GT,realme GT 7,RMX5061,8.0,256.0,8GB RAM / 256GB,5G,2025,39999.0,Model-level current/market reference,25-Sep-2026,India price-list cross-check,Model-level price; verify RAM/storage variant
realme,realme GT,realme GT 7,RMX5061,12.0,256.0,12GB RAM / 256GB,5G,2025,39999.0,Model-level current/market reference,25-Sep-2026,India price-list cross-check,Model-level price; verify RAM/storage variant
realme,realme GT,realme GT 7,RMX5061,12.0,512.0,12GB RAM / 512GB,5G,2025,39999.0,Model-level current/market reference,25-Sep-2026,India price-list cross-check,Model-level price; verify RAM/storage variant
realme,realme GT,realme GT 7 Pro,RMX5011,12.0,256.0,12GB RAM / 256GB,5G,2024,59999.0,Model-level current/market reference,25-Sep-2026,India price-list cross-check,Model-level price; verify RAM/storage variant
realme,realme GT,realme GT 7 Pro,RMX5011,16.0,512.0,16GB RAM / 512GB,5G,2024,59999.0,Model-level current/market reference,25-Sep-2026,India price-list cross-check,Model-level price; verify RAM/storage variant
realme,realme GT,realme GT 7T,RMX5085,8.0,256.0,8GB RAM / 256GB,5G,2025,34499.0,Verified current listing,25-Sep-2026,Smartprix India price list / model page,Model-level price; verify RAM/storage variant
realme,realme GT,realme GT 7T,RMX5085,12.0,256.0,12GB RAM / 256GB,5G,2025,34499.0,Verified current listing,25-Sep-2026,Smartprix India price list / model page,Model-level price; verify RAM/storage variant
vivo,vivo V,vivo T5 5G,,8.0,128.0,8GB RAM / 128GB,5G,2026,34999.0,Verified current listing,25-Sep-2026,Smartprix India price list / model page,Model-level price; verify RAM/storage variant
vivo,vivo V,vivo T5 5G,,8.0,256.0,8GB RAM / 256GB,5G,2026,34999.0,Verified current listing,25-Sep-2026,Smartprix India price list / model page,Model-level price; verify RAM/storage variant
vivo,vivo V,vivo T5x 5G,,8.0,128.0,8GB RAM / 128GB,5G,2026,27210.0,Model-level current/market reference,25-Sep-2026,India price-list cross-check,Model-level price; verify RAM/storage variant
vivo,vivo V,vivo T5x 5G,,8.0,256.0,8GB RAM / 256GB,5G,2026,27210.0,Model-level current/market reference,25-Sep-2026,India price-list cross-check,Model-level price; verify RAM/storage variant
vivo,vivo V,vivo V50,V2427,8.0,128.0,8GB RAM / 128GB,5G,2025,34999.0,Model-level current/market reference,25-Sep-2026,India price-list cross-check,Model-level price; verify RAM/storage variant
vivo,vivo V,vivo V50,V2427,8.0,256.0,8GB RAM / 256GB,5G,2025,34999.0,Model-level current/market reference,25-Sep-2026,India price-list cross-check,Model-level price; verify RAM/storage variant
vivo,vivo V,vivo V50,V2427,12.0,512.0,12GB RAM / 512GB,5G,2025,34999.0,Model-level current/market reference,25-Sep-2026,India price-list cross-check,Model-level price; verify RAM/storage variant
vivo,vivo V,vivo V60,V2441,8.0,128.0,8GB RAM / 128GB,5G,2025,36999.0,Model-level current/market reference,25-Sep-2026,India price-list cross-check,Model-level price; verify RAM/storage variant
vivo,vivo V,vivo V60,V2441,8.0,256.0,8GB RAM / 256GB,5G,2025,36999.0,Model-level current/market reference,25-Sep-2026,India price-list cross-check,Model-level price; verify RAM/storage variant
vivo,vivo V,vivo V60,V2441,12.0,512.0,12GB RAM / 512GB,5G,2025,36999.0,Model-level current/market reference,25-Sep-2026,India price-list cross-check,Model-level price; verify RAM/storage variant
vivo,vivo V,vivo V60 Pro,V2445,8.0,256.0,8GB RAM / 256GB,5G,2025,49999.0,Model-level current/market reference,25-Sep-2026,India price-list cross-check,Model-level price; verify RAM/storage variant
vivo,vivo V,vivo V60 Pro,V2445,12.0,512.0,12GB RAM / 512GB,5G,2025,49999.0,Model-level current/market reference,25-Sep-2026,India price-list cross-check,Model-level price; verify RAM/storage variant
vivo,vivo V,vivo V80 5G,,8.0,256.0,8GB RAM / 256GB,5G,2026,47999.0,Verified current listing,25-Sep-2026,Smartprix India price list / model page,Model-level price; verify RAM/storage variant
vivo,vivo V,vivo V80 5G,,12.0,512.0,12GB RAM / 512GB,5G,2026,47999.0,Verified current listing,25-Sep-2026,Smartprix India price list / model page,Model-level price; verify RAM/storage variant
vivo,vivo V,vivo V80 Lite 5G,,6.0,128.0,6GB RAM / 128GB,5G,2026,31999.0,Verified current listing,25-Sep-2026,Smartprix India price list / model page,Model-level price; verify RAM/storage variant
vivo,vivo V,vivo V80 Lite 5G,,8.0,256.0,8GB RAM / 256GB,5G,2026,31999.0,Verified current listing,25-Sep-2026,Smartprix India price list / model page,Model-level price; verify RAM/storage variant
vivo,vivo V,vivo Y31T 5G,,8.0,128.0,8GB RAM / 128GB,5G,2026,25999.0,Model-level current/market reference,25-Sep-2026,India price-list cross-check,Model-level price; verify RAM/storage variant
vivo,vivo V,vivo Y31T 5G,,8.0,256.0,8GB RAM / 256GB,5G,2026,25999.0,Model-level current/market reference,25-Sep-2026,India price-list cross-check,Model-level price; verify RAM/storage variant
vivo,vivo V,vivo Y400 Pro,V2343,8.0,128.0,8GB RAM / 128GB,5G,2025,24999.0,Model-level current/market reference,25-Sep-2026,India price-list cross-check,Model-level price; verify RAM/storage variant
vivo,vivo V,vivo Y400 Pro,V2343,8.0,256.0,8GB RAM / 256GB,5G,2025,24999.0,Model-level current/market reference,25-Sep-2026,India price-list cross-check,Model-level price; verify RAM/storage variant
vivo,vivo V,vivo Y500,,8.0,128.0,8GB RAM / 128GB,5G,2026,21999.0,Model-level current/market reference,25-Sep-2026,India price-list cross-check,Model-level price; verify RAM/storage variant
vivo,vivo V,vivo Y500,,8.0,256.0,8GB RAM / 256GB,5G,2026,21999.0,Model-level current/market reference,25-Sep-2026,India price-list cross-check,Model-level price; verify RAM/storage variant
vivo,vivo V,vivo Y600 Pro,,8.0,128.0,8GB RAM / 128GB,5G,2026,29999.0,Model-level current/market reference,25-Sep-2026,India price-list cross-check,Model-level price; verify RAM/storage variant
vivo,vivo V,vivo Y600 Pro,,8.0,256.0,8GB RAM / 256GB,5G,2026,29999.0,Model-level current/market reference,25-Sep-2026,India price-list cross-check,Model-level price; verify RAM/storage variant
vivo,vivo X,vivo X200,V2415,12.0,256.0,12GB RAM / 256GB,5G,2024,59999.0,Verified current listing,25-Sep-2026,Smartprix India price list / model page,Model-level price; verify RAM/storage variant
vivo,vivo X,vivo X200,V2415,16.0,512.0,16GB RAM / 512GB,5G,2024,59999.0,Verified current listing,25-Sep-2026,Smartprix India price list / model page,Model-level price; verify RAM/storage variant
vivo,vivo X,vivo X200 Pro,V2413,16.0,512.0,16GB RAM / 512GB,5G,2024,109999.0,Model-level current/market reference,25-Sep-2026,India price-list cross-check,Model-level price; verify RAM/storage variant
vivo,vivo X,vivo X300,V2515,12.0,256.0,12GB RAM / 256GB,5G,2025,75998.0,Model-level current/market reference,25-Sep-2026,India price-list cross-check,Model-level price; verify RAM/storage variant
vivo,vivo X,vivo X300,V2515,16.0,512.0,16GB RAM / 512GB,5G,2025,75998.0,Model-level current/market reference,25-Sep-2026,India price-list cross-check,Model-level price; verify RAM/storage variant
vivo,vivo X,vivo X300 Pro,V2514,12.0,256.0,12GB RAM / 256GB,5G,2025,119999.0,Model-level current/market reference,25-Sep-2026,India price-list cross-check,Model-level price; verify RAM/storage variant
vivo,vivo X,vivo X300 Pro,V2514,16.0,512.0,16GB RAM / 512GB,5G,2025,119999.0,Model-level current/market reference,25-Sep-2026,India price-list cross-check,Model-level price; verify RAM/storage variant
vivo,vivo X,vivo X300 Ultra,V2552,16.0,512.0,16GB RAM / 512GB,5G,2025,159999.0,Model-level current/market reference,25-Sep-2026,India price-list cross-check,Model-level price; verify RAM/storage variant
vivo,vivo X,vivo X300 Ultra,V2552,16.0,1024.0,16GB RAM / 1024GB,5G,2025,159999.0,Model-level current/market reference,25-Sep-2026,India price-list cross-check,Model-level price; verify RAM/storage variant
vivo,vivo X,vivo X500,,12.0,256.0,12GB RAM / 256GB,5G,2026,79999.0,Verified current listing,25-Sep-2026,Smartprix India price list / model page,Model-level price; verify RAM/storage variant
vivo,vivo X,vivo X500,,16.0,512.0,16GB RAM / 512GB,5G,2026,79999.0,Verified current listing,25-Sep-2026,Smartprix India price list / model page,Model-level price; verify RAM/storage variant
vivo,vivo X,vivo X500,,16.0,1024.0,16GB RAM / 1024GB,5G,2026,79999.0,Verified current listing,25-Sep-2026,Smartprix India price list / model page,Model-level price; verify RAM/storage variant
